2022-12-12,2022年12月12日,3450244000,新冠病毒疫苗接种情况,http://www.nhc.gov.cn/xcs/yqjzqk/202212/e2b3e84dad9a4dd69e2b333af7e401c6.shtml
2022-12-11,2022年12月11日,3448992000,新冠病毒疫苗接种情况,http://www.nhc.gov.cn/xcs/yqjzqk/202212/d549a765d6584ecd85b67ebf78155b04.shtml
2022-12-10,2022年12月10日,3448175000,新冠病毒疫苗接种情况,http://www.nhc.gov.cn/xcs/yqjzqk/202212/bdf09923a0724760becaa8a775c71a6b.shtml
2022-12-09,2022年12月9日,3447152000,新冠病毒疫苗接种情况,http://www.nhc.gov.cn/xcs/yqjzqk/202212/32d1b1c431c542ac99a3d43b05cf2073.shtml
2022-12-08,2022年12月8日,3446141000,新冠病毒疫苗接种情况,http://www.nhc.gov.cn/xcs/yqjzqk/202212/91e92764032940858a47326314afad30.shtml
2022-12-07,2022年12月7日,3445402000,新冠病毒疫苗接种情况,http://www.nhc.gov.cn/xcs/yqjzqk/202212/fb45db9968d948c7a22d82ff9b0f84db.shtml
2022-12-06,2022年12月6日,3444906000,新冠病毒疫苗接种情况,http://www.nhc.gov.cn/xcs/yqjzqk/202212/f43d662ccc444430a8d110d056d17d05.shtml
2022-12-05,2022年12月5日,3444548000,新冠病毒疫苗接种情况,http://www.nhc.gov.cn/xcs/yqjzqk/202212/a33e0770d251402ca15c361e5a37943c.shtml
2022-12-04,2022年12月4日,3444295000,新冠病毒疫苗接种情况,http://www.nhc.gov.cn/xcs/yqjzqk/202212/4b8c52f3abef4295b308bc4bd17c663c.shtml
2022-12-03,2022年12月3日,3444166000,新冠病毒疫苗接种情况,http://www.nhc.gov.cn/xcs/yqjzqk/202212/b61523d0419244618f06626bc9dfaa4b.shtml
2022-12-02,2022年12月2日,3444010000,新冠病毒疫苗接种情况,http://www.nhc.gov.cn/xcs/yqjzqk/202212/3bbfb68c6a664183ae334d3d739cce71.shtml
2022-12-01,2022年12月1日,3443887000,新冠病毒疫苗接种情况,http://www.nhc.gov.cn/xcs/yqjzqk/202212/29a8d964493646f5b4e1472c5b7dd820.shtml
2022-11-30,2022年11月30日,3443749000,新冠病毒疫苗接种情况,http://www.nhc.gov.cn/xcs/yqjzqk/202212/89c2e70ef019464bb39702922955a20b.shtml
2022-11-29,2022年11月29日,3443554000,新冠病毒疫苗接种情况,http://www.nhc.gov.cn/xcs/yqjzqk/202211/44ba0f46473c4cbaaf6e8dcbc79818cc.shtml
2022-11-28,2022年11月28日,3443451000,新冠病毒疫苗接种情况,http://www.nhc.gov.cn/xcs/yqjzqk/202211/273b32f9a5ed4f9280f24e9ceefbab1d.shtml
2022-11-27,2022年11月27日,3443327000,新冠病毒疫苗接种情况,http://www.nhc.gov.cn/xcs/yqjzqk/202211/5b4970ab4a184e84aa6c62753ceb8e3e.shtml
2022-11-26,2022年11月26日,3443240000,新冠病毒疫苗接种情况,http://www.nhc.gov.cn/xcs/yqjzqk/202211/65fbcd7877a24a4487f32fbabdc7ffee.shtml
2022-11-25,2022年11月25日,3443114000,新冠病毒疫苗接种情况,http://www.nhc.gov.cn/xcs/yqjzqk/202211/35b6cb5a6a214ecdaf9e6b1b5affaa36.shtml
2022-11-24,2022年11月24日,3442976000,新冠病毒疫苗接种情况,http://www.nhc.gov.cn/xcs/yqjzqk/202211/be85b530b30c4c54b0d794876db24756.shtml
2022-11-23,2022年11月23日,3442840000,新冠病毒疫苗接种情况,http://www.nhc.gov.cn/xcs/yqjzqk/202211/6fb772a75ab24163ba0af83797e9582e.shtml
2022-11-22,2022年11月22日,3442683000,新冠病毒疫苗接种情况,http://www.nhc.gov.cn/xcs/yqjzqk/202211/7260b67ef7b64de6970c6735240bd909.shtml
2022-11-21,2022年11月21日,3442539000,新冠病毒疫苗接种情况,http://www.nhc.gov.cn/xcs/yqjzqk/202211/6a4b3638e2d54b8fba7e4ffd218a9c86.shtml
2022-11-20,2022年11月20日,3442376000,新冠病毒疫苗接种情况,http://www.nhc.gov.cn/xcs/yqjzqk/202211/94f38019824f421c970b87b9802878d9.shtml
2022-11-19,2022年11月19日,3442253000,新冠病毒疫苗接种情况,http://www.nhc.gov.cn/xcs/yqjzqk/202211/f1d974c83ad04ea8bc9390ff2f363926.shtml
2022-11-18,2022年11月18日,3442080000,新冠病毒疫苗接种情况,http://www.nhc.gov.cn/xcs/yqjzqk/202211/c6334349c9b14306be9970bfb5bf86d7.shtml
2022-11-17,2022年11月17日,3441859000,新冠病毒疫苗接种情况,http://www.nhc.gov.cn/xcs/yqjzqk/202211/559d9d310c4a4116a9be0d63f5a14463.shtml
2022-11-16,2022年11月16日,3441680000,新冠病毒疫苗接种情况,http://www.nhc.gov.cn/xcs/yqjzqk/202211/a000c0b89d8442c5a3506b73f350c74c.shtml
2022-11-15,2022年11月15日,3441497000,新冠病毒疫苗接种情况,http://www.nhc.gov.cn/xcs/yqjzqk/202211/5994446437f94f02bec1c0c0f6b77fb6.shtml
2022-11-14,2022年11月14日,3441334000,新冠病毒疫苗接种情况,http://www.nhc.gov.cn/xcs/yqjzqk/202211/4c494e4a58784bfda3b1523bbc665e19.shtml
2022-11-13,2022年11月13日,3441205000,新冠病毒疫苗接种情况,http://www.nhc.gov.cn/xcs/yqjzqk/202211/687dbb88d1644a4a9eb44ab1cebbdd2e.shtml
2022-11-12,2022年11月12日,3441126000,新冠病毒疫苗接种情况,http://www.nhc.gov.cn/xcs/yqjzqk/202211/75c162c7461547558ce154cdd6923ccb.shtml
2022-11-11,2022年11月11日,3441007000,新冠病毒疫苗接种情况,http://www.nhc.gov.cn/xcs/yqjzqk/202211/9e7d302c0bd94b67a1c16b131fa74786.shtml
2022-11-10,2022年11月10日,3440879000,新冠病毒疫苗接种情况,http://www.nhc.gov.cn/xcs/yqjzqk/202211/5c92b4788c6d4e02b03c53ee3f921dee.shtml
2022-11-09,2022年11月9日,3440760000,新冠病毒疫苗接种情况,http://www.nhc.gov.cn/xcs/yqjzqk/202211/507b963ee90f450392410796fa4307ff.shtml
2022-11-08,2022年11月8日,3440638000,新冠病毒疫苗接种情况,http://www.nhc.gov.cn/xcs/yqjzqk/202211/ede169064d2a491896e773ad2d18b7a2.shtml
2022-11-07,2022年11月7日,3440524000,新冠病毒疫苗接种情况,http://www.nhc.gov.cn/jkj/s7915/202211/98912a7a8ed64b9a900fcbabd72e1258.shtml
2022-11-06,2022年11月6日,3440421000,新冠病毒疫苗接种情况,http://www.nhc.gov.cn/jkj/s7915/202211/922ac1ecde304e6d8974e930023f6245.shtml
2022-11-05,2022年11月5日,3440346000,新冠病毒疫苗接种情况,http://www.nhc.gov.cn/jkj/s7915/202211/99ad112417c243109f7cb8f1455a7a0f.shtml
2022-11-04,2022年11月4日,3440231000,新冠病毒疫苗接种情况,http://www.nhc.gov.cn/jkj/s7915/202211/cad1c4549419491fb9688f043c3c9511.shtml
2022-11-03,2022年11月3日,3440119000,新冠病毒疫苗接种情况,http://www.nhc.gov.cn/jkj/s7915/202211/1443f91248a94e77bea613a560257c0b.shtml
2022-11-02,2022年11月2日,3440016000,新冠病毒疫苗接种情况,http://www.nhc.gov.cn/jkj/s7915/202211/887241104abe47d0b4ac2c9d5d17e93d.shtml
2022-11-01,2022年11月1日,3439907000,新冠病毒疫苗接种情况,http://www.nhc.gov.cn/jkj/s7915/202211/a2eb89a3a0634be881b53b440bc3f143.shtml
2022-10-31,2022年10月31日,3439802000,新冠病毒疫苗接种情况,http://www.nhc.gov.cn/jkj/s7915/202211/f808a6420e584b9583fd982a7274f8a4.shtml
2022-10-30,2022年10月30日,3439698000,新冠病毒疫苗接种情况,http://www.nhc.gov.cn/jkj/s7915/202210/077911bc37a346a3b6d15249d0c4a167.shtml
2022-10-29,2022年10月29日,3439620000,新冠病毒疫苗接种情况,http://www.nhc.gov.cn/jkj/s7915/202210/d041a6d5b38c456382a24e90be8ce3c1.shtml
2022-10-28,2022年10月28日,3439525000,新冠病毒疫苗接种情况,http://www.nhc.gov.cn/jkj/s7915/202210/0b8c6423c46644e0ae793d3fb68a09cd.shtml
2022-10-27,2022年10月27日,3439408000,新冠病毒疫苗接种情况,http://www.nhc.gov.cn/jkj/s7915/202210/620100bb2c404d88a0da550d5ec5b9dc.shtml
2022-10-26,2022年10月26日,3439299000,新冠病毒疫苗接种情况,http://www.nhc.gov.cn/jkj/s7915/202210/fe4d6c41b2514b82940deee987a32c19.shtml
2022-10-25,2022年10月25日,3439201000,新冠病毒疫苗接种情况,http://www.nhc.gov.cn/jkj/s7915/202210/8cfe270e67164dc8ae00104b78146325.shtml
2022-10-24,2022年10月24日,3439087000,新冠病毒疫苗接种情况,http://www.nhc.gov.cn/jkj/s7915/202210/724cb1418db64b26a2e52dc2c47541a9.shtml
2022-10-23,2022年10月23日,3438993000,新冠病毒疫苗接种情况,http://www.nhc.gov.cn/jkj/s7915/202210/ff93394c69084cdca068d70ad33a1b10.shtml
2022-10-22,2022年10月22日,3438920000,新冠病毒疫苗接种情况,http://www.nhc.gov.cn/jkj/s7915/202210/a098056eeec545bd9975dc9d3d524677.shtml
2022-10-21,2022年10月21日,3438817000,新冠病毒疫苗接种情况,http://www.nhc.gov.cn/jkj/s7915/202210/62608d1b29444d3a8530259bfff81763.shtml
2022-10-20,2022年10月20日,3438697000,新冠病毒疫苗接种情况,http://www.nhc.gov.cn/jkj/s7915/202210/ee27c9d130e84107a4c018cb577d3675.shtml
2022-10-19,2022年10月19日,3438588000,新冠病毒疫苗接种情况,http://www.nhc.gov.cn/jkj/s7915/202210/c68733c91bb74c20a8be484e109c110d.shtml
2022-10-18,2022年10月18日,3438482000,新冠病毒疫苗接种情况,http://www.nhc.gov.cn/jkj/s7915/202210/21db89e8211d4ee3811d4597852e0198.shtml
2022-10-17,2022年10月17日,3438378000,新冠病毒疫苗接种情况,http://www.nhc.gov.cn/jkj/s7915/202210/5902540cd6ff443ea29c4acee7942956.shtml
2022-10-16,2022年10月16日,3438277000,新冠病毒疫苗接种情况,http://www.nhc.gov.cn/jkj/s7915/202210/49ab1f0e6b8c4078a58b17a052dee8cf.shtml
2022-10-15,2022年10月15日,3438202000,新冠病毒疫苗接种情况,http://www.nhc.gov.cn/jkj/s7915/202210/49c4ec373e1e4ebc846e620204657c95.shtml
2022-10-14,2022年10月14日,3438086000,新冠病毒疫苗接种情况,http://www.nhc.gov.cn/jkj/s7915/202210/535d95484f6c46b5b56421e22fa6473d.shtml
2022-10-13,2022年10月13日,3437961000,新冠病毒疫苗接种情况,http://www.nhc.gov.cn/jkj/s7915/202210/244af8e15e594d0ea299332167fed5b4.shtml
2022-10-12,2022年10月12日,3437851000,新冠病毒疫苗接种情况,http://www.nhc.gov.cn/jkj/s7915/202210/c305699ee3fc4737ba638d652c1c2fac.shtml
2022-10-11,2022年10月11日,3437728000,新冠病毒疫苗接种情况,http://www.nhc.gov.cn/jkj/s7915/202210/b2c0cfd6965643b9b0e3409d7815a92e.shtml
2022-10-10,2022年10月10日,3437619000,新冠病毒疫苗接种情况,http://www.nhc.gov.cn/jkj/s7915/202210/b6fdfdd2755b40ad865d32e2469e42a8.shtml
2022-10-09,2022年10月9日,3437516000,新冠病毒疫苗接种情况,http://www.nhc.gov.cn/jkj/s7915/202210/f9b01e253af848e686f72a7eb6b16bbf.shtml
2022-10-08,2022年10月8日,3437442000,新冠病毒疫苗接种情况,http://www.nhc.gov.cn/jkj/s7915/202210/e3f333c107824eafa91bd24ba2bcea72.shtml
2022-10-07,2022年10月7日,3437347000,新冠病毒疫苗接种情况,http://www.nhc.gov.cn/jkj/s7915/202210/f97c250b492d4f508841d06e97fbb6fa.shtml
2022-10-06,2022年10月6日,3437286000,新冠病毒疫苗接种情况,http://www.nhc.gov.cn/jkj/s7915/202210/e2074138aa4147ea9d1197d9346dc877.shtml
2022-10-05,2022年10月5日,3437218000,新冠病毒疫苗接种情况,http://www.nhc.gov.cn/jkj/s7915/202210/4ca11b2ae6774b6cbd176968365fc12a.shtml
2022-10-04,2022年10月4日,3437161000,新冠病毒疫苗接种情况,http://www.nhc.gov.cn/jkj/s7915/202210/fa10b063e34c41efbdc09eb9491d394a.shtml
2022-10-03,2022年10月3日,3437085000,新冠病毒疫苗接种情况,http://www.nhc.gov.cn/jkj/s7915/202210/6da2c827b2684624a5d205cae53b45dc.shtml
2022-10-02,2022年10月2日,3437018000,新冠病毒疫苗接种情况,http://www.nhc.gov.cn/jkj/s7915/202210/c503554bfc88448998a8677a517d1b30.shtml
2022-10-01,2022年10月1日,3436966000,新冠病毒疫苗接种情况,http://www.nhc.gov.cn/jkj/s7915/202210/86810e7310d74e7bbe75f4ec43b329cd.shtml
2022-09-30,2022年9月30日,3436911000,新冠病毒疫苗接种情况,http://www.nhc.gov.cn/jkj/s7915/202210/1cafe0cb9069476bafebedc8adb7f5b3.shtml
2022-09-29,2022年9月29日,3436773000,新冠病毒疫苗接种情况,http://www.nhc.gov.cn/jkj/s7915/202209/76bc30de48144ab99d3dde66430876f6.shtml
2022-09-28,2022年9月28日,3436630000,新冠病毒疫苗接种情况,http://www.nhc.gov.cn/jkj/s7915/202209/1fed67e755864c408f54e7f2b0bd5cee.shtml
2022-09-27,2022年9月27日,3436494000,新冠病毒疫苗接种情况,http://www.nhc.gov.cn/jkj/s7915/202209/6c994127ac7147018b61f416f0cbb451.shtml
2022-09-26,2022年9月26日,3436355000,新冠病毒疫苗接种情况,http://www.nhc.gov.cn/jkj/s7915/202209/f99ff974a84d436c9a9f9b85ab95cab3.shtml
2022-09-25,2022年9月25日,3436227000,新冠病毒疫苗接种情况,http://www.nhc.gov.cn/jkj/s7915/202209/f2441848fae64114b7a1163ad1b0a53f.shtml
2022-09-24,2022年9月24日,3436132000,新冠病毒疫苗接种情况,http://www.nhc.gov.cn/jkj/s7915/202209/ae073fd303d44890b5133f0ce51610c5.shtml
2022-09-23,2022年9月23日,3436001000,新冠病毒疫苗接种情况,http://www.nhc.gov.cn/jkj/s7915/202209/8270cd5bcaa040d9bebc225ca7406490.shtml
2022-09-22,2022年9月22日,3435855000,新冠病毒疫苗接种情况,http://www.nhc.gov.cn/jkj/s7915/202209/4d6f6eac99b94a99a0740c81e5b956c8.shtml
2022-09-21,2022年9月21日,3435719000,新冠病毒疫苗接种情况,http://www.nhc.gov.cn/jkj/s7915/202209/cbf3d637f9b943f3ae990163343906e5.shtml
2022-09-20,2022年9月20日,3435577000,新冠病毒疫苗接种情况,http://www.nhc.gov.cn/jkj/s7915/202209/1cfc481e0466430e9f21b6b794d389a8.shtml
2022-09-19,2022年9月19日,3435442000,新冠病毒疫苗接种情况,http://www.nhc.gov.cn/jkj/s7915/202209/879368f4fb544c28ae11a5387a519a5d.shtml
2022-09-18,2022年9月18日,3435302000,新冠病毒疫苗接种情况,http://www.nhc.gov.cn/jkj/s7915/202209/459a1c35e1054837be3ab754082b91c6.shtml
2022-09-17,2022年9月17日,3435207000,新冠病毒疫苗接种情况,http://www.nhc.gov.cn/jkj/s7915/202209/e206205b15c04e098cd454a4132154dc.shtml
2022-09-16,2022年9月16日,3435066000,新冠病毒疫苗接种情况,http://www.nhc.gov.cn/jkj/s7915/202209/108bb99e4bb844fa9f83b4b41a297f15.shtml
2022-09-15,2022年9月15日,3434906000,新冠病毒疫苗接种情况,http://www.nhc.gov.cn/jkj/s7915/202209/34c3c39a85e04653b5319b2df2b50251.shtml
2022-09-14,2022年9月14日,3434774000,新冠病毒疫苗接种情况,http://www.nhc.gov.cn/jkj/s7915/202209/3413803fc3524fb39f0cdb0003bc6aa0.shtml
2022-09-13,2022年9月13日,3434621000,新冠病毒疫苗接种情况,http://www.nhc.gov.cn/jkj/s7915/202209/70eb1da3bd7140219c4db851af743c7f.shtml
2022-09-12,2022年9月12日,3434487000,新冠病毒疫苗接种情况,http://www.nhc.gov.cn/jkj/s7915/202209/706172e476cc4387a82837f9e6318cde.shtml
2022-09-11,2022年9月11日,3434390000,新冠病毒疫苗接种情况,http://www.nhc.gov.cn/jkj/s7915/202209/17c98c6686c3438b8f0cb34a8d867f40.shtml
2022-09-10,2022年9月10日,3434317000,新冠病毒疫苗接种情况,http://www.nhc.gov.cn/jkj/s7915/202209/432f351a3af34145b42b6f109d144748.shtml
2022-09-09,2022年9月9日,3434270000,新冠病毒疫苗接种情况,http://www.nhc.gov.cn/jkj/s7915/202209/16d333a68d7c4f3ea16df247f213b5f8.shtml
2022-09-08,2022年9月8日,3434119000,新冠病毒疫苗接种情况,http://www.nhc.gov.cn/jkj/s7915/202209/7900eb935b0f4cf3b7a27eb118ec78bb.shtml
2022-09-07,2022年9月7日,3433960000,新冠病毒疫苗接种情况,http://www.nhc.gov.cn/jkj/s7915/202209/bd4b832a48df4af5bc92a289d175e87b.shtml
2022-09-06,2022年9月6日,3433788000,新冠病毒疫苗接种情况,http://www.nhc.gov.cn/jkj/s7915/202209/3227669b745747c28078251b064150d1.shtml
2022-09-05,2022年9月5日,3433615000,新冠病毒疫苗接种情况,http://www.nhc.gov.cn/jkj/s7915/202209/a2c5c9f4c18a4c7b98885afcde8aef53.shtml
2022-09-04,2022年9月4日,3433450000,新冠病毒疫苗接种情况,http://www.nhc.gov.cn/jkj/s7915/202209/986e82c0f96a4faa9a7b229765975b68.shtml
2022-09-03,2022年9月3日,3433328000,新冠病毒疫苗接种情况,http://www.nhc.gov.cn/jkj/s7915/202209/9cdf6b7535d94eb1b185d66785640113.shtml
2022-09-02,2022年9月2日,3433182000,新冠病毒疫苗接种情况,http://www.nhc.gov.cn/jkj/s7915/202209/93ad2ecaa84a4cadbe3abab750994b7b.shtml
2022-09-01,2022年9月1日,3432984000,新冠病毒疫苗接种情况,http://www.nhc.gov.cn/jkj/s7915/202209/a82d737ea6154c9da1fd2a118f56e6e3.shtml
2022-08-31,2022年8月31日,3432778000,新冠病毒疫苗接种情况,http://www.nhc.gov.cn/jkj/s7915/202209/e3b82c5fbf5944a284f5ec68784065a4.shtml
2022-08-30,2022年8月30日,3432506000,新冠病毒疫苗接种情况,http://www.nhc.gov.cn/jkj/s7915/202208/9c3fb6d052c0464aa7b7e2e4558e73b4.shtml
2022-08-29,2022年8月29日,3432235000,新冠病毒疫苗接种情况,http://www.nhc.gov.cn/jkj/s7915/202208/63a77e7477d7409da2bce2c59e475313.shtml
2022-08-28,2022年8月28日,3431965000,新冠病毒疫苗接种情况,http://www.nhc.gov.cn/jkj/s7915/202208/d3ad0adaf05640ffb674d0896f66f68f.shtml
2022-08-27,2022年8月27日,3431791000,新冠病毒疫苗接种情况,http://www.nhc.gov.cn/jkj/s7915/202208/bd2f3dcde11e47ada69f8fa02c08a7bf.shtml
2022-08-26,2022年8月26日,3431560000,新冠病毒疫苗接种情况,http://www.nhc.gov.cn/jkj/s7915/202208/495df4be33fc4e9b98dae7fe2b43da73.shtml
2022-08-25,2022年8月25日,3431247000,新冠病毒疫苗接种情况,http://www.nhc.gov.cn/jkj/s7915/202208/b303fde6ef024c2ab58f471196ddd0b4.shtml
2022-08-24,2022年8月24日,3430949000,新冠病毒疫苗接种情况,http://www.nhc.gov.cn/jkj/s7915/202208/ef660b4fe5ae454080814678c54e5bc4.shtml
2022-08-23,2022年8月23日,3430624000,新冠病毒疫苗接种情况,http://www.nhc.gov.cn/jkj/s7915/202208/6c767517c5c446dc9fe733956bfb7fdb.shtml
2022-08-22,2022年8月22日,3430297000,新冠病毒疫苗接种情况,http://www.nhc.gov.cn/jkj/s7915/202208/b372fa2d0e984e3b90854a1b5e3b0e74.shtml
2022-08-21,2022年8月21日,3429988000,新冠病毒疫苗接种情况,http://www.nhc.gov.cn/jkj/s7915/202208/9ac1b6323f844e7ca8610717f81fc922.shtml
2022-08-20,2022年8月20日,3429804000,新冠病毒疫苗接种情况,http://www.nhc.gov.cn/jkj/s7915/202208/fb89afb2a70147b8a482253e7a6396fd.shtml
2022-08-19,2022年8月19日,3429579000,新冠病毒疫苗接种情况,http://www.nhc.gov.cn/jkj/s7915/202208/459a0e7c57ce488ba7601476ea154af6.shtml
2022-08-18,2022年8月18日,3429254000,新冠病毒疫苗接种情况,http://www.nhc.gov.cn/jkj/s7915/202208/57cca091bf2d4eb78aa7eb24f486b684.shtml
2022-08-17,2022年8月17日,3428933000,新冠病毒疫苗接种情况,http://www.nhc.gov.cn/jkj/s7915/202208/6c933a5ebb34400ebc2303238f1d0f85.shtml
2022-08-16,2022年8月16日,3428587000,新冠病毒疫苗接种情况,http://www.nhc.gov.cn/jkj/s7915/202208/68d51bbbce794b7ebfda0972ccee21f0.shtml
2022-08-15,2022年8月15日,3428258000,新冠病毒疫苗接种情况,http://www.nhc.gov.cn/jkj/s7915/202208/c93626318fda472cb9a515fdf867d26e.shtml
2022-08-14,2022年8月14日,3427965000,新冠病毒疫苗接种情况,http://www.nhc.gov.cn/jkj/s7915/202208/4092a0f337b6492cb5beeb64c81139a4.shtml
2022-08-13,2022年8月13日,3427788000,新冠病毒疫苗接种情况,http://www.nhc.gov.cn/jkj/s7915/202208/b893acf698614b25818b509b21361c8b.shtml
2022-08-12,2022年8月12日,3427564000,新冠病毒疫苗接种情况,http://www.nhc.gov.cn/jkj/s7915/202208/5a0eee2a92494225bf91463588be458b.shtml
2022-08-11,2022年8月11日,3427246000,新冠病毒疫苗接种情况,http://www.nhc.gov.cn/jkj/s7915/202208/027e0ff1806a4b1d9794b9c8d5423d34.shtml
2022-08-10,2022年8月10日,3426938000,新冠病毒疫苗接种情况,http://www.nhc.gov.cn/jkj/s7915/202208/943d40ae07964c55867d066125fe73d0.shtml
2022-08-09,2022年8月9日,3426619000,新冠病毒疫苗接种情况,http://www.nhc.gov.cn/jkj/s7915/202208/c7eeb1f48afa46809a93ebffda82971b.shtml
2022-08-08,2022年8月8日,3426316000,新冠病毒疫苗接种情况,http://www.nhc.gov.cn/jkj/s7915/202208/957251d8597440759ad7a1366c513d39.shtml
2022-08-07,2022年8月7日,3426023000,新冠病毒疫苗接种情况,http://www.nhc.gov.cn/jkj/s7915/202208/f98437882b234a868e79a63644897263.shtml
2022-08-06,2022年8月6日,3425843000,新冠病毒疫苗接种情况,http://www.nhc.gov.cn/jkj/s7915/202208/964cf3169a1c47a18d058c35f19d0751.shtml
2022-08-05,2022年8月5日,3425593000,新冠病毒疫苗接种情况,http://www.nhc.gov.cn/jkj/s7915/202208/9d39a713b1b347e8bbd29c2a909fbae3.shtml
2022-08-04,2022年8月4日,3425218000,新冠病毒疫苗接种情况,http://www.nhc.gov.cn/jkj/s7915/202208/ea611bc7c4cf42b98bc69675b7a450d7.shtml
2022-08-03,2022年8月3日,3424838000,新冠病毒疫苗接种情况,http://www.nhc.gov.cn/jkj/s7915/202208/c7b4342681834e5ca5caf68f19feec95.shtml
2022-08-02,2022年8月2日,3424465000,新冠病毒疫苗接种情况,http://www.nhc.gov.cn/jkj/s7915/202208/9191056997eb422abab54666df2e2f20.shtml
2022-08-01,2022年8月1日,3424070000,新冠病毒疫苗接种情况,http://www.nhc.gov.cn/jkj/s7915/202208/c210efddeafa40ce9e7c392d47c58190.shtml
2022-07-31,2022年7月31日,3423669000,新冠病毒疫苗接种情况,http://www.nhc.gov.cn/jkj/s7915/202208/88a9359ed69b4748b53f2e123349fd8b.shtml
2022-07-30,2022年7月30日,3422910000,新冠病毒疫苗接种情况,http://www.nhc.gov.cn/jkj/s7915/202207/b3d6f484c10047d9be0deb16d9035227.shtml
2022-07-29,2022年7月29日,3422060000,新冠病毒疫苗接种情况,http://www.nhc.gov.cn/jkj/s7915/202207/f47adbacfb9440f3ab73a16bda91a150.shtml
2022-07-28,2022年7月28日,3421121000,新冠病毒疫苗接种情况,http://www.nhc.gov.cn/jkj/s7915/202207/656e42eafba447cb9b87fcf225d83cc0.shtml
2022-07-27,2022年7月27日,3420260000,新冠病毒疫苗接种情况,http://www.nhc.gov.cn/jkj/s7915/202207/59315ad9fa59436597a535201b35ef1f.shtml
2022-07-26,2022年7月26日,3419441000,新冠病毒疫苗接种情况,http://www.nhc.gov.cn/jkj/s7915/202207/8719001c8e3e4ef9a0bf778f06a07c7b.shtml
2022-07-25,2022年7月25日,3418638000,新冠病毒疫苗接种情况,http://www.nhc.gov.cn/jkj/s7915/202207/393ee0f2dc41493cace12b8b8a11cc91.shtml
2022-07-24,2022年7月24日,3417900000,新冠病毒疫苗接种情况,http://www.nhc.gov.cn/jkj/s7915/202207/091c4a5222914b6d8d493b6bf0cdd4bd.shtml
2022-07-23,2022年7月23日,3417357000,新冠病毒疫苗接种情况,http://www.nhc.gov.cn/jkj/s7915/202207/70cbd506c3f743c5adffbd3ef6826446.shtml
2022-07-22,2022年7月22日,3416727000,新冠病毒疫苗接种情况,http://www.nhc.gov.cn/jkj/s7915/202207/602efd4b0cde4bf68852738dec429645.shtml
2022-07-21,2022年7月21日,3415934000,新冠病毒疫苗接种情况,http://www.nhc.gov.cn/jkj/s7915/202207/4c57bb1e6bf44cb5abb5a3f3344f2993.shtml
2022-07-20,2022年7月20日,3415146000,新冠病毒疫苗接种情况,http://www.nhc.gov.cn/jkj/s7915/202207/5979aa7a7a7441d68b615a716dbcf847.shtml
2022-07-19,2022年7月19日,3414388000,新冠病毒疫苗接种情况,http://www.nhc.gov.cn/jkj/s7915/202207/a076b7e685f743db94eb47884a2abb39.shtml
2022-07-18,2022年7月18日,3413628000,新冠病毒疫苗接种情况,http://www.nhc.gov.cn/jkj/s7915/202207/dbaaad7c47474a509c98d441678f7d3e.shtml
2022-07-17,2022年7月17日,3412950000,新冠病毒疫苗接种情况,http://www.nhc.gov.cn/jkj/s7915/202207/4938a57eedbb491ca5cbb0e099baf5b6.shtml
2022-07-16,2022年7月16日,3412457000,新冠病毒疫苗接种情况,http://www.nhc.gov.cn/jkj/s7915/202207/5ef3a5cc97cb4bc5b043815950f96662.shtml
2022-07-15,2022年7月15日,3411903000,新冠病毒疫苗接种情况,http://www.nhc.gov.cn/jkj/s7915/202207/eec30b5442d345c98b9bc9bc4955d912.shtml
2022-07-14,2022年7月14日,3411136000,新冠病毒疫苗接种情况,http://www.nhc.gov.cn/jkj/s7915/202207/b17a0dae49d54876936938302543b447.shtml
2022-07-13,2022年7月13日,3410413000,新冠病毒疫苗接种情况,http://www.nhc.gov.cn/jkj/s7915/202207/92b5a0e3d81a4fecab407661195f666a.shtml
2022-07-12,2022年7月12日,3409697000,新冠病毒疫苗接种情况,http://www.nhc.gov.cn/jkj/s7915/202207/e5b15bb2d32e4ddbb15659958296d364.shtml
2022-07-11,2022年7月11日,3409032000,新冠病毒疫苗接种情况,http://www.nhc.gov.cn/jkj/s7915/202207/d7be0170be494608ae18bee862e7f54c.shtml
2022-07-10,2022年7月10日,3408404000,新冠病毒疫苗接种情况,http://www.nhc.gov.cn/jkj/s7915/202207/3883e5ef3db74891bb0a8fa0c527be72.shtml
2022-07-09,2022年7月9日,3407945000,新冠病毒疫苗接种情况,http://www.nhc.gov.cn/jkj/s7915/202207/d027b8fa0ace4a2ca7729bad099b7435.shtml
2022-07-08,2022年7月8日,3407361000,新冠病毒疫苗接种情况,http://www.nhc.gov.cn/jkj/s7915/202207/5bad21a3b30548f1ad8ef749f7b5d851.shtml
2022-07-07,2022年7月7日,3406557000,新冠病毒疫苗接种情况,http://www.nhc.gov.cn/jkj/s7915/202207/7f57bbe3beda47a69751a29c97ab83dd.shtml
2022-07-06,2022年7月6日,3405812000,新冠病毒疫苗接种情况,http://www.nhc.gov.cn/jkj/s7915/202207/41bde029ad614bd6ae17f1adcec8d407.shtml
2022-07-05,2022年7月5日,3405158000,新冠病毒疫苗接种情况,http://www.nhc.gov.cn/jkj/s7915/202207/2fb4102545d241939906daadebd4471b.shtml
2022-07-04,2022年7月4日,3404537000,新冠病毒疫苗接种情况,http://www.nhc.gov.cn/jkj/s7915/202207/5075602588e640bea1da824eb4d98a08.shtml
2022-07-03,2022年7月3日,3403989000,新冠病毒疫苗接种情况,http://www.nhc.gov.cn/jkj/s7915/202207/7a86af881bf04e6b8a73d99821f5324b.shtml
2022-07-02,2022年7月2日,3403643000,新冠病毒疫苗接种情况,http://www.nhc.gov.cn/jkj/s7915/202207/8f039b28a4f9418591531be2eeb14619.shtml
2022-07-01,2022年7月1日,3403201000,新冠病毒疫苗接种情况,http://www.nhc.gov.cn/jkj/s7915/202207/090a7b0fdba34956987329829be01464.shtml
2022-06-30,2022年6月30日,3402622000,新冠病毒疫苗接种情况,http://www.nhc.gov.cn/jkj/s7915/202207/7d6232fa92c74911a276675acf5a3022.shtml
2022-06-29,2022年6月29日,3401857000,新冠病毒疫苗接种情况,http://www.nhc.gov.cn/jkj/s7915/202206/19e1b36f84bd4a8b9ad60d9a059b3d6a.shtml
2022-06-28,2022年6月28日,3401112000,新冠病毒疫苗接种情况,http://www.nhc.gov.cn/jkj/s7915/202206/5ddb9316fc854373a746084f924de5fc.shtml
2022-06-27,2022年6月27日,3400401000,新冠病毒疫苗接种情况,http://www.nhc.gov.cn/jkj/s7915/202206/0c8a2a62fbaa4626af31f15dd1ba227b.shtml
2022-06-26,2022年6月26日,3399803000,新冠病毒疫苗接种情况,http://www.nhc.gov.cn/jkj/s7915/202206/194194ef50c74a5ba9af6a6c775f0995.shtml
2022-06-25,2022年6月25日,3399317000,新冠病毒疫苗接种情况,http://www.nhc.gov.cn/jkj/s7915/202206/84b28c26fc5b4859a14034fc8fd85c4b.shtml
2022-06-24,2022年6月24日,3398762000,新冠病毒疫苗接种情况,http://www.nhc.gov.cn/jkj/s7915/202206/0e30f72c50f04ce0b2bbdeebf0644e53.shtml
2022-06-23,2022年6月23日,3397993000,新冠病毒疫苗接种情况,http://www.nhc.gov.cn/jkj/s7915/202206/ba8c76d3eb754288b92eb75c6399e6c7.shtml
2022-06-22,2022年6月22日,3397224000,新冠病毒疫苗接种情况,http://www.nhc.gov.cn/jkj/s7915/202206/0d8484cd39df4103a3128616a401fffe.shtml
2022-06-21,2022年6月21日,3396446000,新冠病毒疫苗接种情况,http://www.nhc.gov.cn/jkj/s7915/202206/301dd532cb414bd992983ebe4d40c331.shtml
2022-06-20,2022年6月20日,3395704000,新冠病毒疫苗接种情况,http://www.nhc.gov.cn/jkj/s7915/202206/378cf8c6468540189c96c561956a9530.shtml
2022-06-19,2022年6月19日,3395026000,新冠病毒疫苗接种情况,http://www.nhc.gov.cn/jkj/s7915/202206/c56bacbde96a46ea91b7247be62d815c.shtml
2022-06-18,2022年6月18日,3394504000,新冠病毒疫苗接种情况,http://www.nhc.gov.cn/jkj/s7915/202206/03130314aac84138b3df0cd79d13d834.shtml
2022-06-17,2022年6月17日,3393907000,新冠病毒疫苗接种情况,http://www.nhc.gov.cn/jkj/s7915/202206/7c488b9bd2e44514831c9e1b50d1dd00.shtml
2022-06-16,2022年6月16日,3393119000,新冠病毒疫苗接种情况,http://www.nhc.gov.cn/jkj/s7915/202206/59d2718ad0df4129aeceb7d4b23859d8.shtml
2022-06-15,2022年6月15日,3391955000,新冠病毒疫苗接种情况,http://www.nhc.gov.cn/jkj/s7915/202206/4172a716e5ca4a4aa0ff2c418190a0ec.shtml
2022-06-14,2022年6月14日,3391088000,新冠病毒疫苗接种情况,http://www.nhc.gov.cn/jkj/s7915/202206/f11a7d23c8f043ae94b63334a9a44d0f.shtml
2022-06-13,2022年6月13日,3390194000,新冠病毒疫苗接种情况,http://www.nhc.gov.cn/jkj/s7915/202206/70231e1bec0742a3a8b0cfd4480df701.shtml
2022-06-12,2022年6月12日,3389454000,新冠病毒疫苗接种情况,http://www.nhc.gov.cn/jkj/s7915/202206/6aae2dd920b24dbd9ac8296b88527876.shtml
2022-06-11,2022年6月11日,3388904000,新冠病毒疫苗接种情况,http://www.nhc.gov.cn/jkj/s7915/202206/4e4c63e5522a4fb8a24aea555996be6a.shtml
2022-06-10,2022年6月10日,3388256000,新冠病毒疫苗接种情况,http://www.nhc.gov.cn/jkj/s7915/202206/c71bb1d478ea4659b0c1d73b26f93464.shtml
2022-06-09,2022年6月9日,3387446000,新冠病毒疫苗接种情况,http://www.nhc.gov.cn/jkj/s7915/202206/28baa663507c43ef8710dcec0acaa127.shtml
2022-06-08,2022年6月8日,3386647000,新冠病毒疫苗接种情况,http://www.nhc.gov.cn/jkj/s7915/202206/1bd7697d1cee40ca87c8455a7e1e4abd.shtml
2022-06-07,2022年6月7日,3385853000,新冠病毒疫苗接种情况,http://www.nhc.gov.cn/jkj/s7915/202206/78713bdde65846c38a7edf6caafccf58.shtml
2022-06-06,2022年6月6日,3385080000,新冠病毒疫苗接种情况,http://www.nhc.gov.cn/jkj/s7915/202206/ec0e9c4eb783433e9a2e5678f4ba37ec.shtml
2022-06-05,2022年6月5日,3384372000,新冠病毒疫苗接种情况,http://www.nhc.gov.cn/jkj/s7915/202206/7981d98fe641439bab79bcc63c1a018e.shtml
2022-06-04,2022年6月4日,3383918000,新冠病毒疫苗接种情况,http://www.nhc.gov.cn/jkj/s7915/202206/c604dd94f5444cbc918ed7972dc94fe0.shtml
2022-06-03,2022年6月3日,3383416000,新冠病毒疫苗接种情况,http://www.nhc.gov.cn/jkj/s7915/202206/92cec42918954569847b1cf73cf26094.shtml
2022-06-02,2022年6月2日,3382998000,新冠病毒疫苗接种情况,http://www.nhc.gov.cn/jkj/s7915/202206/b5e54d1edaf743a7a76c28f7ffb72879.shtml
2022-06-01,2022年6月1日,3382178000,新冠病毒疫苗接种情况,http://www.nhc.gov.cn/jkj/s7915/202206/89a61fb353c347a29fadb7185869bfac.shtml
2022-05-31,2022年5月31日,3381314000,新冠病毒疫苗接种情况,http://www.nhc.gov.cn/jkj/s7915/202206/412ec9bc37f946068cf983e460825777.shtml
2022-05-30,2022年5月30日,3380191000,新冠病毒疫苗接种情况,http://www.nhc.gov.cn/jkj/s7915/202205/2026b8ef1bcf45039af08ee14beee7c1.shtml
2022-05-29,2022年5月29日,3379075000,新冠病毒疫苗接种情况,http://www.nhc.gov.cn/jkj/s7915/202205/514ad0d6472e49e98cdb63d1427ed02f.shtml
2022-05-28,2022年5月28日,3378211000,新冠病毒疫苗接种情况,http://www.nhc.gov.cn/jkj/s7915/202205/19073b18ce054c3bb0cd370fe1d3223e.shtml
2022-05-27,2022年5月27日,3377153000,新冠病毒疫苗接种情况,http://www.nhc.gov.cn/jkj/s7915/202205/751f6e2cfbd54398bd44d70d105f57d4.shtml
2022-05-26,2022年5月26日,3375898000,新冠病毒疫苗接种情况,http://www.nhc.gov.cn/jkj/s7915/202205/1996ae58fc6749dcb28941f6658cae9a.shtml
2022-05-25,2022年5月25日,3374726000,新冠病毒疫苗接种情况,http://www.nhc.gov.cn/jkj/s7915/202205/2b7cb05828364228b41a6566ae232c41.shtml
2022-05-24,2022年5月24日,3373460000,新冠病毒疫苗接种情况,http://www.nhc.gov.cn/jkj/s7915/202205/b388cf58b1374f90805cc51b68929f14.shtml
2022-05-23,2022年5月23日,3372243000,新冠病毒疫苗接种情况,http://www.nhc.gov.cn/jkj/s7915/202205/cb88c17859ed4aaa97ab206a6a5c5122.shtml
2022-05-22,2022年5月22日,3371096000,新冠病毒疫苗接种情况,http://www.nhc.gov.cn/jkj/s7915/202205/a53728e0d8e34fc7ac26e77f57b8c08d.shtml
2022-05-21,2022年5月21日,3370162000,新冠病毒疫苗接种情况,http://www.nhc.gov.cn/jkj/s7915/202205/49ae9af7859a43a09da361ca1c192e8c.shtml
2022-05-20,2022年5月20日,3369057000,新冠病毒疫苗接种情况,http://www.nhc.gov.cn/jkj/s7915/202205/10195c42e4c149d5bdff70827bdd5f15.shtml
2022-05-19,2022年5月19日,3367720000,新冠病毒疫苗接种情况,http://www.nhc.gov.cn/jkj/s7915/202205/953954e881954536a23653a3424d65f8.shtml
2022-05-18,2022年5月18日,3366402000,新冠病毒疫苗接种情况,http://www.nhc.gov.cn/jkj/s7915/202205/1ae8cf2da9954f8a96ad8da3b429a10b.shtml
2022-05-17,2022年5月17日,3364987000,新冠病毒疫苗接种情况,http://www.nhc.gov.cn/jkj/s7915/202205/eb02d86cce30486c95c3b3142f832df5.shtml
2022-05-16,2022年5月16日,3363651000,新冠病毒疫苗接种情况,http://www.nhc.gov.cn/jkj/s7915/202205/c0cef5a32010489f8744fc8db56a5939.shtml
2022-05-15,2022年5月15日,3362389000,新冠病毒疫苗接种情况,http://www.nhc.gov.cn/jkj/s7915/202205/daa4ab0890c547c8b35b99cc769b2523.shtml
2022-05-14,2022年5月14日,3361333000,新冠病毒疫苗接种情况,http://www.nhc.gov.cn/jkj/s7915/202205/b7bee38d0b644b4dbe9e78f3725ddd0a.shtml
2022-05-13,2022年5月13日,3360050000,新冠病毒疫苗接种情况,http://www.nhc.gov.cn/jkj/s7915/202205/576f121dc47f417f8ad3fc9c681b98be.shtml
2022-05-12,2022年5月12日,3358576000,新冠病毒疫苗接种情况,http://www.nhc.gov.cn/jkj/s7915/202205/c24f278e058547c993f9df40720e6634.shtml
2022-05-11,2022年5月11日,3357120000,新冠病毒疫苗接种情况,http://www.nhc.gov.cn/jkj/s7915/202205/cfe970af12394c9f98ab40a4a3bc05e0.shtml
2022-05-10,2022年5月10日,3355535000,新冠病毒疫苗接种情况,http://www.nhc.gov.cn/jkj/s7915/202205/bda85702349342119d1491b1c60d8ee4.shtml
2022-05-09,2022年5月9日,3354196000,新冠病毒疫苗接种情况,http://www.nhc.gov.cn/jkj/s7915/202205/0a3450c207b5488da26acf09bef061ab.shtml
2022-05-08,2022年5月8日,3353022000,新冠病毒疫苗接种情况,http://www.nhc.gov.cn/jkj/s7915/202205/ff8000f3d90b4e4da8e91de27729cfc0.shtml
2022-05-07,2022年5月7日,3352053000,新冠病毒疫苗接种情况,http://www.nhc.gov.cn/jkj/s7915/202205/2b87a26240ae4581b02451ee51985e2a.shtml
2022-05-06,2022年5月6日,3350934000,新冠病毒疫苗接种情况,http://www.nhc.gov.cn/jkj/s7915/202205/80d61b53920c496c8519701b61bf0dc4.shtml
2022-05-05,2022年5月5日,3349702000,新冠病毒疫苗接种情况,http://www.nhc.gov.cn/jkj/s7915/202205/733a6530f4ff4f668791e45dc978170b.shtml
2022-05-04,2022年5月4日,3348588000,新冠病毒疫苗接种情况,http://www.nhc.gov.cn/jkj/s7915/202205/e995def42125473bbc3238f8180a90cb.shtml
2022-05-03,2022年5月3日,3347640000,新冠病毒疫苗接种情况,http://www.nhc.gov.cn/jkj/s7915/202205/72300467443d422b8025563dee2ea350.shtml
2022-05-02,2022年5月2日,3346607000,新冠病毒疫苗接种情况,http://www.nhc.gov.cn/jkj/s7915/202205/bd5317f2727444dabe6af3d22ec51707.shtml
2022-05-01,2022年5月1日,3345524000,新冠病毒疫苗接种情况,http://www.nhc.gov.cn/jkj/s7915/202205/df075fb8a21a4b47b4a8be63e8a4d7df.shtml
2022-04-30,2022年4月30日,3344528000,新冠病毒疫苗接种情况,http://www.nhc.gov.cn/jkj/s7915/202205/a812fd406ee74cc6b35780d9abac0a74.shtml
2022-04-29,2022年4月29日,3343008000,新冠病毒疫苗接种情况,http://www.nhc.gov.cn/jkj/s7915/202204/6f0897ccfe874f6e8a60544f5452deac.shtml
2022-04-28,2022年4月28日,3340711000,新冠病毒疫苗接种情况,http://www.nhc.gov.cn/jkj/s7915/202204/a2acd0bed9d94c47acb71b44f58448ba.shtml
2022-04-27,2022年4月27日,3338555000,新冠病毒疫苗接种情况,http://www.nhc.gov.cn/jkj/s7915/202204/7f303e56d5164ccc8ada3fdf001c69c4.shtml
2022-04-26,2022年4月26日,3336285000,新冠病毒疫苗接种情况,http://www.nhc.gov.cn/jkj/s7915/202204/c081d58377d04416879df542507b3717.shtml
2022-04-25,2022年4月25日,3334018000,新冠病毒疫苗接种情况,http://www.nhc.gov.cn/jkj/s7915/202204/1ce2f64073b64b19a17dd7ebdc8017fb.shtml
2022-04-24,2022年4月24日,3331771000,新冠病毒疫苗接种情况,http://www.nhc.gov.cn/jkj/s7915/202204/095b35f2177b471bb41a9b69fedcb1cb.shtml
2022-04-23,2022年4月23日,3329766000,新冠病毒疫苗接种情况,http://www.nhc.gov.cn/jkj/s7915/202204/021ce16cceb34a88aecd099ba37a764f.shtml
2022-04-22,2022年4月22日,3327616000,新冠病毒疫苗接种情况,http://www.nhc.gov.cn/jkj/s7915/202204/8728241c2f5f493aa5eb6cf8a8bb660c.shtml
2022-04-21,2022年4月21日,3325049000,新冠病毒疫苗接种情况,http://www.nhc.gov.cn/jkj/s7915/202204/b48b611f1b56423494777f821a5a8685.shtml
2022-04-20,2022年4月20日,3322488000,新冠病毒疫苗接种情况,http://www.nhc.gov.cn/jkj/s7915/202204/77a552289b8f4a829f65499eaee3053c.shtml
2022-04-19,2022年4月19日,3319950000,新冠病毒疫苗接种情况,http://www.nhc.gov.cn/jkj/s7915/202204/60086051e79c4bef91840e06d327b3c6.shtml
2022-04-18,2022年4月18日,3317463000,新冠病毒疫苗接种情况,http://www.nhc.gov.cn/jkj/s7915/202204/de074a1fe9764fffa2c60fecda0131b3.shtml
2022-04-17,2022年4月17日,3315186000,新冠病毒疫苗接种情况,http://www.nhc.gov.cn/jkj/s7915/202204/881150a697144bea88f13e0565b4dc63.shtml
2022-04-16,2022年4月16日,3313338000,新冠病毒疫苗接种情况,http://www.nhc.gov.cn/jkj/s7915/202204/8f19a6d0cfb140bba8f5150a86f9ab23.shtml
2022-04-15,2022年4月15日,3311245000,新冠病毒疫苗接种情况,http://www.nhc.gov.cn/jkj/s7915/202204/e1db01925a1747e7a48f43f2f18dc44f.shtml
2022-04-14,2022年4月14日,3308616000,新冠病毒疫苗接种情况,http://www.nhc.gov.cn/jkj/s7915/202204/62b495e26f4c4735b3dd8d3363d0d155.shtml
2022-04-13,2022年4月13日,3305884000,新冠病毒疫苗接种情况,http://www.nhc.gov.cn/jkj/s7915/202204/32d76b8e6f4142f2abf95496fa640fe1.shtml
2022-04-12,2022年4月12日,3303126000,新冠病毒疫苗接种情况,http://www.nhc.gov.cn/jkj/s7915/202204/6fe09df2147f4d8a9283d584b60362f3.shtml
2022-04-11,2022年4月11日,3300328000,新冠病毒疫苗接种情况,http://www.nhc.gov.cn/jkj/s7915/202204/93219ff434e042bdba1121edb95394d2.shtml
2022-04-10,2022年4月10日,3297551000,新冠病毒疫苗接种情况,http://www.nhc.gov.cn/jkj/s7915/202204/3c903e9285c14d72b9edb212876ac81f.shtml
2022-04-09,2022年4月9日,3295208000,新冠病毒疫苗接种情况,http://www.nhc.gov.cn/jkj/s7915/202204/c9b39861642348a1a312bc64bdbe0730.shtml
2022-04-08,2022年4月8日,3292643000,新冠病毒疫苗接种情况,http://www.nhc.gov.cn/jkj/s7915/202204/9b2d989dfc5b4516a6be1f600d6e954c.shtml
2022-04-07,2022年4月7日,3289463000,新冠病毒疫苗接种情况,http://www.nhc.gov.cn/jkj/s7915/202204/2a70296f3aa84392a493f03ffe0fd239.shtml
2022-04-06,2022年4月6日,3286373000,新冠病毒疫苗接种情况,http://www.nhc.gov.cn/jkj/s7915/202204/4fbf38e8834a4a7bb2dacdee812d2e36.shtml
2022-04-05,2022年4月5日,3283586000,新冠病毒疫苗接种情况,http://www.nhc.gov.cn/jkj/s7915/202204/c5541227084c43d8a555604b901c2cd3.shtml
2022-04-04,2022年4月4日,3281604000,新冠病毒疫苗接种情况,http://www.nhc.gov.cn/jkj/s7915/202204/c0e1720f030f4d819b2d494911c53089.shtml
2022-04-03,2022年4月3日,3279249000,新冠病毒疫苗接种情况,http://www.nhc.gov.cn/jkj/s7915/202204/08dfcb2f7a424c2e9bea9f485df7e034.shtml
2022-04-02,2022年4月2日,3276886000,新冠病毒疫苗接种情况,http://www.nhc.gov.cn/jkj/s7915/202204/311452e077aa4d6181c548b615eb9441.shtml
2022-04-01,2022年4月1日,3274120000,新冠病毒疫苗接种情况,http://www.nhc.gov.cn/jkj/s7915/202204/7f1a6cb515074a31a2ebb8598848a9bf.shtml
2022-03-31,2022年3月31日,3270874000,新冠病毒疫苗接种情况,http://www.nhc.gov.cn/jkj/s7915/202204/2894b2b3db0f4a45aacdc15a3f675639.shtml
2022-03-30,2022年3月30日,3267140000,新冠病毒疫苗接种情况,http://www.nhc.gov.cn/jkj/s7915/202203/7f4569e348c044f4a0b45ca4c56d28ed.shtml
2022-03-29,2022年3月29日,3263129000,新冠病毒疫苗接种情况,http://www.nhc.gov.cn/jkj/s7915/202203/d81d339daf694f97952f10d9d8604143.shtml
2022-03-28,2022年3月28日,3259042000,新冠病毒疫苗接种情况,http://www.nhc.gov.cn/jkj/s7915/202203/ed9ed42b09e84802a1f264e19577cb44.shtml
2022-03-27,2022年3月27日,3254984000,新冠病毒疫苗接种情况,http://www.nhc.gov.cn/jkj/s7915/202203/7bd1cdabf9574dc78bcbdf02fe02290b.shtml
2022-03-26,2022年3月26日,3251412000,新冠病毒疫苗接种情况,http://www.nhc.gov.cn/jkj/s7915/202203/2ef60393c7f241b08a147e62501c5680.shtml
2022-03-25,2022年3月25日,3247624000,新冠病毒疫苗接种情况,http://www.nhc.gov.cn/jkj/s7915/202203/0efc26837ba249348cbb29e3cfc6213e.shtml
2022-03-24,2022年3月24日,3243599000,新冠病毒疫苗接种情况,http://www.nhc.gov.cn/jkj/s7915/202203/1a3bdfa2e634409794b9d5e6ed0c31c4.shtml
2022-03-23,2022年3月23日,3239170000,新冠病毒疫苗接种情况,http://www.nhc.gov.cn/jkj/s7915/202203/9661d13a892e44b3820f99fc6c81a5d1.shtml
2022-03-22,2022年3月22日,3234601000,新冠病毒疫苗接种情况,http://www.nhc.gov.cn/jkj/s7915/202203/fcfb2a5f659446e19d70644ae8e77311.shtml
2022-03-21,2022年3月21日,3230367000,新冠病毒疫苗接种情况,http://www.nhc.gov.cn/jkj/s7915/202203/38d254dd7a594dfc9cad9788180a0620.shtml
2022-03-20,2022年3月20日,3226334000,新冠病毒疫苗接种情况,http://www.nhc.gov.cn/jkj/s7915/202203/b7dc68982ef44cf5a11f859cae50d8ea.shtml
2022-03-19,2022年3月19日,3222868000,新冠病毒疫苗接种情况,http://www.nhc.gov.cn/jkj/s7915/202203/beba90ad9594434a89d18115603baca4.shtml
2022-03-18,2022年3月18日,3218716000,新冠病毒疫苗接种情况,http://www.nhc.gov.cn/jkj/s7915/202203/1864889e2f404686a6da64336ec388f3.shtml
2022-03-17,2022年3月17日,3213773000,新冠病毒疫苗接种情况,http://www.nhc.gov.cn/jkj/s7915/202203/4860193a87064179866f275c836b98f9.shtml
2022-03-16,2022年3月16日,3209041000,新冠病毒疫苗接种情况,http://www.nhc.gov.cn/jkj/s7915/202203/76ed4f22334941a089c4ce3524e7fa55.shtml
2022-03-15,2022年3月15日,3203688000,新冠病毒疫苗接种情况,http://www.nhc.gov.cn/jkj/s7915/202203/6362f2487e7f408988cc1bd66a55c7e6.shtml
2022-03-14,2022年3月14日,3198272000,新冠病毒疫苗接种情况,http://www.nhc.gov.cn/jkj/s7915/202203/96d688c7e80744d0abff3b4e15e09b84.shtml
2022-03-13,2022年3月13日,3193236000,新冠病毒疫苗接种情况,http://www.nhc.gov.cn/jkj/s7915/202203/945a85f6163d4f258337513c34852e09.shtml
2022-03-12,2022年3月12日,3189426000,新冠病毒疫苗接种情况,http://www.nhc.gov.cn/jkj/s7915/202203/c187f837f34741d4985307c4d3fbb49c.shtml
2022-03-11,2022年3月11日,3185239000,新冠病毒疫苗接种情况,http://www.nhc.gov.cn/jkj/s7915/202203/b4e5a46c2b06436581d5c235fbcb9cdc.shtml
2022-03-10,2022年3月10日,3180060000,新冠病毒疫苗接种情况,http://www.nhc.gov.cn/jkj/s7915/202203/b13a9dc5eb8b48dbb2340fe4ce598bd8.shtml
2022-03-09,2022年3月9日,3174984000,新冠病毒疫苗接种情况,http://www.nhc.gov.cn/jkj/s7915/202203/4cbfde9d2d9d41ae814e1bca7b337a76.shtml
2022-03-08,2022年3月8日,3169916000,新冠病毒疫苗接种情况,http://www.nhc.gov.cn/jkj/s7915/202203/f285e3af6ca847a7a5fb59ae55fd8c73.shtml
2022-03-07,2022年3月7日,3165486000,新冠病毒疫苗接种情况,http://www.nhc.gov.cn/jkj/s7915/202203/7bdf4d3500f041c1a7ad1606c3f0ea42.shtml
2022-03-06,2022年3月6日,3160685000,新冠病毒疫苗接种情况,http://www.nhc.gov.cn/jkj/s7915/202203/fbea6006c7ce463193682d0a26b10669.shtml
2022-03-05,2022年3月5日,3156899000,新冠病毒疫苗接种情况,http://www.nhc.gov.cn/jkj/s7915/202203/51618a50fffb4dd5b40f3e2a656ec0e3.shtml
2022-03-04,2022年3月4日,3152419000,新冠病毒疫苗接种情况,http://www.nhc.gov.cn/jkj/s7915/202203/07114fb7a5004436989e8b616128a413.shtml
2022-03-03,2022年3月3日,3147007000,新冠病毒疫苗接种情况,http://www.nhc.gov.cn/jkj/s7915/202203/49113fa4fc364e67a07a9d3a0a9b476c.shtml
2022-03-02,2022年3月2日,3141473000,新冠病毒疫苗接种情况,http://www.nhc.gov.cn/jkj/s7915/202203/fd9f79390e4741b39b159a9559d7f72e.shtml
2022-03-01,2022年3月1日,3135598000,新冠病毒疫苗接种情况,http://www.nhc.gov.cn/jkj/s7915/202203/bd7dc1b9d46347bcb354d2849989cb91.shtml
2022-02-28,2022年2月28日,3129845000,新冠病毒疫苗接种情况,http://www.nhc.gov.cn/jkj/s7915/202203/6863dc607b8b4c5c9164daf198bd509e.shtml
2022-02-27,2022年2月27日,3124118000,新冠病毒疫苗接种情况,http://www.nhc.gov.cn/jkj/s7915/202202/6066259e4f1c40b3a285ae3c78035784.shtml
2022-02-26,2022年2月26日,3119664000,新冠病毒疫苗接种情况,http://www.nhc.gov.cn/jkj/s7915/202202/87b09a23d5be4a27850b48cae6e45694.shtml
2022-02-25,2022年2月25日,3114622000,新冠病毒疫苗接种情况,http://www.nhc.gov.cn/jkj/s7915/202202/f908a557b2914fbe8e3d14d937afa6a6.shtml
2022-02-24,2022年2月24日,3108286000,新冠病毒疫苗接种情况,http://www.nhc.gov.cn/jkj/s7915/202202/185174bf8da4447699ce118b50736cfa.shtml
2022-02-23,2022年2月23日,3101760000,新冠病毒疫苗接种情况,http://www.nhc.gov.cn/jkj/s7915/202202/03f98e7cd6c248a1bb536c9780ddadc8.shtml
2022-02-22,2022年2月22日,3095767000,新冠病毒疫苗接种情况,http://www.nhc.gov.cn/jkj/s7915/202202/41d5c8e8dc224260a50f23a628d765a5.shtml
2022-02-21,2022年2月21日,3090309000,新冠病毒疫苗接种情况,http://www.nhc.gov.cn/jkj/s7915/202202/25865d5a079f4fcaa413c2395804fe3f.shtml
2022-02-20,2022年2月20日,3084712000,新冠病毒疫苗接种情况,http://www.nhc.gov.cn/jkj/s7915/202202/09d99074a32b48b997eca7ae6c571253.shtml
2022-02-19,2022年2月19日,3080788000,新冠病毒疫苗接种情况,http://www.nhc.gov.cn/jkj/s7915/202202/dde371bf12ed47beb4bbc3fdcbe179a7.shtml
2022-02-18,2022年2月18日,3075752000,新冠病毒疫苗接种情况,http://www.nhc.gov.cn/jkj/s7915/202202/de01baf169f24eac8329ff902a8db3df.shtml
2022-02-17,2022年2月17日,3069619000,新冠病毒疫苗接种情况,http://www.nhc.gov.cn/jkj/s7915/202202/91805fa0c30e4627961dfce0c7e2d2eb.shtml
2022-02-16,2022年2月16日,3063391000,新冠病毒疫苗接种情况,http://www.nhc.gov.cn/jkj/s7915/202202/6564cf2132254ab0b1ec82d94e33a4f3.shtml
2022-02-15,2022年2月15日,3056997000,新冠病毒疫苗接种情况,http://www.nhc.gov.cn/jkj/s7915/202202/dd81fb1aa3404d42826e72635c95b10b.shtml
2022-02-14,2022年2月14日,3052435000,新冠病毒疫苗接种情况,http://www.nhc.gov.cn/jkj/s7915/202202/e419d2282f5743f99e6b004abf432d7b.shtml
2022-02-13,2022年2月13日,3046687000,新冠病毒疫苗接种情况,http://www.nhc.gov.cn/jkj/s7915/202202/0ce66c7071a247368e014d3afca56a18.shtml
2022-02-12,2022年2月12日,3042376000,新冠病毒疫苗接种情况,http://www.nhc.gov.cn/jkj/s7915/202202/bc40c4306ef4426e9073de9dc936a97c.shtml
2022-02-11,2022年2月11日,3036707000,新冠病毒疫苗接种情况,http://www.nhc.gov.cn/jkj/s7915/202202/4d3548192ea84f9485aec4b1565c66d4.shtml
2022-02-10,2022年2月10日,3029588000,新冠病毒疫苗接种情况,http://www.nhc.gov.cn/jkj/s7915/202202/1cb48014b4cd41ff87588ac4d976d955.shtml
2022-02-09,2022年2月9日,3022646000,新冠病毒疫苗接种情况,http://www.nhc.gov.cn/jkj/s7915/202202/c683a07208114ddcabfbd385cebd4b69.shtml
2022-02-08,2022年2月8日,3016150000,新冠病毒疫苗接种情况,http://www.nhc.gov.cn/jkj/s7915/202202/844e234c140245f396a4f6c720c524fa.shtml
2022-02-07,2022年2月7日,3010669000,新冠病毒疫苗接种情况,http://www.nhc.gov.cn/jkj/s7915/202202/a75a1394d7d646a68b56982f6909dfd2.shtml
2022-02-06,2022年2月6日,3006862000,新冠病毒疫苗接种情况,http://www.nhc.gov.cn/jkj/s7915/202202/8fdc7d236a4e45029bb54d127af35940.shtml
2022-02-05,2022年2月5日,3004681000,新冠病毒疫苗接种情况,http://www.nhc.gov.cn/jkj/s7915/202202/6f73d81cb71d4557a735d291fcf4232c.shtml
2022-02-04,2022年2月4日,3002896000,新冠病毒疫苗接种情况,http://www.nhc.gov.cn/jkj/s7915/202202/5a56a1e0809a41748d6890f6e9539c18.shtml
2022-02-03,2022年2月3日,3001624000,新冠病毒疫苗接种情况,http://www.nhc.gov.cn/jkj/s7915/202202/b7c09bbe69da4fcfa4576fa6874dca99.shtml
2022-02-02,2022年2月2日,3000893000,新冠病毒疫苗接种情况,http://www.nhc.gov.cn/jkj/s7915/202202/79ad8acd3fa849a18a4ad69a93880b45.shtml
2022-02-01,2022年2月1日,3000603000,新冠病毒疫苗接种情况,http://www.nhc.gov.cn/jkj/s7915/202202/174768886a414f0baa2a79ae94c56a7e.shtml
2022-01-31,2022年1月31日,3000532000,新冠病毒疫苗接种情况,http://www.nhc.gov.cn/jkj/s7915/202202/6ad091676c084a9aaa3741217e94c964.shtml
2022-01-30,2022年1月30日,3000198000,新冠病毒疫苗接种情况,http://www.nhc.gov.cn/jkj/s7915/202201/348223221c3b44a29d022bcdaca3ac4c.shtml
2022-01-29,2022年1月29日,2997884000,新冠病毒疫苗接种情况,http://www.nhc.gov.cn/jkj/s7915/202201/0c08abd489d04d8eb9b50d17bb19229c.shtml
2022-01-28,2022年1月28日,2994162000,新冠病毒疫苗接种情况,http://www.nhc.gov.cn/jkj/s7915/202201/64c142501b11405d93505c24dfc53aa1.shtml
2022-01-27,2022年1月27日,2989480000,新冠病毒疫苗接种情况,http://www.nhc.gov.cn/jkj/s7915/202201/3b84e036f4c24615857ec5fdf0967c1e.shtml
2022-01-26,2022年1月26日,2984055000,新冠病毒疫苗接种情况,http://www.nhc.gov.cn/jkj/s7915/202201/08e7053bbd924ac68f62c95773dfc151.shtml
2022-01-25,2022年1月25日,2978646000,新冠病毒疫苗接种情况,http://www.nhc.gov.cn/jkj/s7915/202201/a246c8738e9141b2ab10d54e9c8ae126.shtml
2022-01-24,2022年1月24日,2973459000,新冠病毒疫苗接种情况,http://www.nhc.gov.cn/jkj/s7915/202201/8b2fbd77036b4803bb48779cc4c1e72a.shtml
2022-01-23,2022年1月23日,2968121000,新冠病毒疫苗接种情况,http://www.nhc.gov.cn/jkj/s7915/202201/10a28ef9be1e48beaa3202afa43287f2.shtml
2022-01-22,2022年1月22日,2964370000,新冠病毒疫苗接种情况,http://www.nhc.gov.cn/jkj/s7915/202201/c9cf46411f724cb9a633a27c521a2283.shtml
2022-01-21,2022年1月21日,2960675000,新冠病毒疫苗接种情况,http://www.nhc.gov.cn/jkj/s7915/202201/505cba7e29784f6d9e283558e8b46397.shtml
2022-01-20,2022年1月20日,2956218000,新冠病毒疫苗接种情况,http://www.nhc.gov.cn/jkj/s7915/202201/f8311b9659414e85b4ef9ac898720673.shtml
2022-01-19,2022年1月19日,2951846000,新冠病毒疫苗接种情况,http://www.nhc.gov.cn/jkj/s7915/202201/87b647f68b8744cea6c901a964752605.shtml
2022-01-18,2022年1月18日,2947136000,新冠病毒疫苗接种情况,http://www.nhc.gov.cn/jkj/s7915/202201/43a390868cb84030b24a9af3da1ff448.shtml
2022-01-17,2022年1月17日,2942111000,新冠病毒疫苗接种情况,http://www.nhc.gov.cn/jkj/s7915/202201/8d493478365041eeb4d66c51bb7941ea.shtml
2022-01-16,2022年1月16日,2937632000,新冠病毒疫苗接种情况,http://www.nhc.gov.cn/jkj/s7915/202201/b70c608c14fa44879541fe532a7587cf.shtml
2022-01-15,2022年1月15日,2933485000,新冠病毒疫苗接种情况,http://www.nhc.gov.cn/jkj/s7915/202201/5942e980b1f94feab09674dadee3ecf5.shtml
2022-01-14,2022年1月14日,2928981000,新冠病毒疫苗接种情况,http://www.nhc.gov.cn/jkj/s7915/202201/8672ce15c0814531bdcf112e39db0d8d.shtml
2022-01-13,2022年1月13日,2923698000,新冠病毒疫苗接种情况,http://www.nhc.gov.cn/jkj/s7915/202201/dc70eac469d04610968e830a97c63675.shtml
2022-01-12,2022年1月12日,2918249000,新冠病毒疫苗接种情况,http://www.nhc.gov.cn/jkj/s7915/202201/35b5348b0ebd4ceea1dd998876496e97.shtml
2022-01-11,2022年1月11日,2912178000,新冠病毒疫苗接种情况,http://www.nhc.gov.cn/jkj/s7915/202201/a03f0dea03f247089ea9273fcf686b1a.shtml
2022-01-10,2022年1月10日,2905638000,新冠病毒疫苗接种情况,http://www.nhc.gov.cn/jkj/s7915/202201/66a1e6d75ed84248949187951461b8ec.shtml
2022-01-09,2022年1月9日,2899557000,新冠病毒疫苗接种情况,http://www.nhc.gov.cn/jkj/s7915/202201/81a3b6dbe8924060b3598ba7194d750d.shtml
2022-01-08,2022年1月8日,2894178000,新冠病毒疫苗接种情况,http://www.nhc.gov.cn/jkj/s7915/202201/41fe6208e852432f94aa59381c6b83bd.shtml
2022-01-07,2022年1月7日,2887772000,新冠病毒疫苗接种情况,http://www.nhc.gov.cn/jkj/s7915/202201/35d71da2d3ac4b7182f8d324059270ef.shtml
2022-01-06,2022年1月6日,2879993000,新冠病毒疫苗接种情况,http://www.nhc.gov.cn/jkj/s7915/202201/f907621192b4441f89d684f66c9d3e86.shtml
2022-01-05,2022年1月5日,2872017000,新冠病毒疫苗接种情况,http://www.nhc.gov.cn/jkj/s7915/202201/12ed35e8f95f47058a2826ad1a123760.shtml
2022-01-04,2022年1月4日,2863561000,新冠病毒疫苗接种情况,http://www.nhc.gov.cn/jkj/s7915/202201/4c9e0a3aac7e429faa544bd698bd1cea.shtml
2022-01-03,2022年1月3日,2855225000,新冠病毒疫苗接种情况,http://www.nhc.gov.cn/jkj/s7915/202201/681409df76514c809a08c255e6a042ff.shtml
2022-01-02,2022年1月2日,2847898000,新冠病毒疫苗接种情况,http://www.nhc.gov.cn/jkj/s7915/202201/48ae26522c1f449c93b17069ac989c2a.shtml
2022-01-01,2022年1月1日,2841269000,新冠病毒疫苗接种情况,http://www.nhc.gov.cn/jkj/s7915/202201/5d0572a3b92e4cc093f01c26ce9bdcb3.shtml
2021-12-31,2021年12月31日,2835332000,新冠病毒疫苗接种情况,http://www.nhc.gov.cn/jkj/s7915/202201/ca4bcad1630242aba6b6c9cd9e26de0a.shtml
2021-12-30,2021年12月30日,2823418000,新冠病毒疫苗接种情况,http://www.nhc.gov.cn/jkj/s7915/202112/bf39106662c840faa848a217ecf1bf00.shtml
2021-12-29,2021年12月29日,2810118000,新冠病毒疫苗接种情况,http://www.nhc.gov.cn/jkj/s7915/202112/68ad42c6d64f43ccbf908a71af9512ea.shtml
2021-12-28,2021年12月28日,2795716000,新冠病毒疫苗接种情况,http://www.nhc.gov.cn/jkj/s7915/202112/bbed4aaa78cf4d019f47cd6f8d6108b5.shtml
2021-12-27,2021年12月27日,2781869000,新冠病毒疫苗接种情况,http://www.nhc.gov.cn/jkj/s7915/202112/cb9ffd8e849e4489a0ab751f7eaaafcc.shtml
2021-12-26,2021年12月26日,2769530000,新冠病毒疫苗接种情况,http://www.nhc.gov.cn/jkj/s7915/202112/1fd51af4972146a9a846bafb6ab75be1.shtml
2021-12-25,2021年12月25日,2758094000,新冠病毒疫苗接种情况,http://www.nhc.gov.cn/jkj/s7915/202112/f63915d69b274a21a70bdb418194a0a8.shtml
2021-12-24,2021年12月24日,2745877000,新冠病毒疫苗接种情况,http://www.nhc.gov.cn/jkj/s7915/202112/690b96ef633640bbb0b090832eb27eda.shtml
2021-12-23,2021年12月23日,2732749000,新冠病毒疫苗接种情况,http://www.nhc.gov.cn/jkj/s7915/202112/6b5206025190475b867691434ee1766b.shtml
2021-12-22,2021年12月22日,2719459000,新冠病毒疫苗接种情况,http://www.nhc.gov.cn/jkj/s7915/202112/7dbcf714770d4331a8a6b571e2830a22.shtml
2021-12-21,2021年12月21日,2706676000,新冠病毒疫苗接种情况,http://www.nhc.gov.cn/jkj/s7915/202112/1364a9a797154512b1984e486a617072.shtml
2021-12-20,2021年12月20日,2695181000,新冠病毒疫苗接种情况,http://www.nhc.gov.cn/jkj/s7915/202112/db462ee568e34beaab9dbc69fa34fe01.shtml
2021-12-19,2021年12月19日,2684290000,新冠病毒疫苗接种情况,http://www.nhc.gov.cn/jkj/s7915/202112/9b0efe79ee6b4b8286c5e745541c8b2e.shtml
2021-12-18,2021年12月18日,2673688000,新冠病毒疫苗接种情况,http://www.nhc.gov.cn/jkj/s7915/202112/04a5b1c987da4587a6b659f1be9e809e.shtml
2021-12-17,2021年12月17日,2661838000,新冠病毒疫苗接种情况,http://www.nhc.gov.cn/jkj/s7915/202112/e3e478af0c1049d48970081cb62f66fd.shtml
2021-12-16,2021年12月16日,2650561000,新冠病毒疫苗接种情况,http://www.nhc.gov.cn/jkj/s7915/202112/35451410e9914759bf83c37f8abb8023.shtml
2021-12-15,2021年12月15日,2640059000,新冠病毒疫苗接种情况,http://www.nhc.gov.cn/jkj/s7915/202112/b0f95553eb824f74a4860f3b2dbc688e.shtml
2021-12-14,2021年12月14日,2630204000,新冠病毒疫苗接种情况,http://www.nhc.gov.cn/jkj/s7915/202112/679c1906b67b42a596f6cdcdc34343ac.shtml
2021-12-13,2021年12月13日,2621190000,新冠病毒疫苗接种情况,http://www.nhc.gov.cn/jkj/s7915/202112/1fb3ea05fc05487b89140ed7aa831f1c.shtml
2021-12-12,2021年12月12日,2612218000,新冠病毒疫苗接种情况,http://www.nhc.gov.cn/jkj/s7915/202112/9bbd20f318d84186a6334c48a4af15f5.shtml
2021-12-11,2021年12月11日,2602703000,新冠病毒疫苗接种情况,http://www.nhc.gov.cn/jkj/s7915/202112/30348af67acf47539e3ad124881793b2.shtml
2021-12-10,2021年12月10日,2591879000,新冠病毒疫苗接种情况,http://www.nhc.gov.cn/jkj/s7915/202112/b745eb101a314b6397be543d7492f0c8.shtml
2021-12-09,2021年12月9日,2582740000,新冠病毒疫苗接种情况,http://www.nhc.gov.cn/jkj/s7915/202112/a8adbfd47da24d4b8c5f69b5880bedc7.shtml
2021-12-08,2021年12月8日,2574931000,新冠病毒疫苗接种情况,http://www.nhc.gov.cn/jkj/s7915/202112/02052467ced44fe69cba8fbf31293246.shtml
2021-12-07,2021年12月7日,2567552000,新冠病毒疫苗接种情况,http://www.nhc.gov.cn/jkj/s7915/202112/50ed46dc4225486f9c3fc188e9db4a39.shtml
2021-12-06,2021年12月6日,2560117000,新冠病毒疫苗接种情况,http://www.nhc.gov.cn/jkj/s7915/202112/04ebed91dfa049368950ae2c62b499ff.shtml
2021-12-05,2021年12月5日,2553028000,新冠病毒疫苗接种情况,http://www.nhc.gov.cn/jkj/s7915/202112/fa102947e6654971b702df9b6558646f.shtml
2021-12-04,2021年12月4日,2543424000,新冠病毒疫苗接种情况,http://www.nhc.gov.cn/jkj/s7915/202112/004246ccbad448b89ad1bda3ada40b79.shtml
2021-12-03,2021年12月3日,2532799000,新冠病毒疫苗接种情况,http://www.nhc.gov.cn/jkj/s7915/202112/a6e6ef6421c14cc1a3f830c0348fa765.shtml
2021-12-02,2021年12月2日,2524363000,新冠病毒疫苗接种情况,http://www.nhc.gov.cn/jkj/s7915/202112/dcf486f78a0f46ef8488dea2cc3728a0.shtml
2021-12-01,2021年12月1日,2516380000,新冠病毒疫苗接种情况,http://www.nhc.gov.cn/jkj/s7915/202112/403a2f68899a4fb98c56e46d9e5a1e70.shtml
2021-11-30,2021年11月30日,2507975000,新冠病毒疫苗接种情况,http://www.nhc.gov.cn/jkj/s7915/202112/222ad3cd759c4662a59860c2e89ca584.shtml
2021-11-29,2021年11月29日,2499813000,新冠病毒疫苗接种情况,http://www.nhc.gov.cn/jkj/s7915/202111/f93e80d541d34eb48784b5af3306ceaa.shtml
2021-11-28,2021年11月28日,2492041000,新冠病毒疫苗接种情况,http://www.nhc.gov.cn/jkj/s7915/202111/970bf4a0d83c4a71955f4359011248a3.shtml
2021-11-27,2021年11月27日,2482895000,新冠病毒疫苗接种情况,http://www.nhc.gov.cn/jkj/s7915/202111/b1864983e6e04e8ca2916a5782606e6d.shtml
2021-11-26,2021年11月26日,2472847000,新冠病毒疫苗接种情况,http://www.nhc.gov.cn/jkj/s7915/202111/f4be32135985483991c7daaa5acb99c7.shtml
2021-11-25,2021年11月25日,2464330000,新冠病毒疫苗接种情况,http://www.nhc.gov.cn/jkj/s7915/202111/9004f22459a4479dbfa9e2523c7f864f.shtml
2021-11-24,2021年11月24日,2456617000,新冠病毒疫苗接种情况,http://www.nhc.gov.cn/jkj/s7915/202111/2fc55c2a266145178e4bc8e3d19b03a8.shtml
2021-11-23,2021年11月23日,2449427000,新冠病毒疫苗接种情况,http://www.nhc.gov.cn/jkj/s7915/202111/e3117afc766e48ca925f4137c13bafff.shtml
2021-11-22,2021年11月22日,2442786000,新冠病毒疫苗接种情况,http://www.nhc.gov.cn/jkj/s7915/202111/4753f84882fd49ffa80e2fc9c4db1f20.shtml
2021-11-21,2021年11月21日,2437252000,新冠病毒疫苗接种情况,http://www.nhc.gov.cn/jkj/s7915/202111/988b2d7956094548a52e190722e884f3.shtml
2021-11-20,2021年11月20日,2430743000,新冠病毒疫苗接种情况,http://www.nhc.gov.cn/jkj/s7915/202111/f088a85ef1b24310b02cf7f74196f65f.shtml
2021-11-19,2021年11月19日,2422908000,新冠病毒疫苗接种情况,http://www.nhc.gov.cn/jkj/s7915/202111/bca81376ea1c4f67a30db5a4865cf491.shtml
2021-11-18,2021年11月18日,2416179000,新冠病毒疫苗接种情况,http://www.nhc.gov.cn/jkj/s7915/202111/9c463145a8374fc5a09e91a518c71713.shtml
2021-11-17,2021年11月17日,2409784000,新冠病毒疫苗接种情况,http://www.nhc.gov.cn/jkj/s7915/202111/f7cec24248b048dab7c8e9ff14fa7027.shtml
2021-11-16,2021年11月16日,2402897000,新冠病毒疫苗接种情况,http://www.nhc.gov.cn/jkj/s7915/202111/c0f33ee41a9244278d983234f838db3f.shtml
2021-11-15,2021年11月15日,2396045000,新冠病毒疫苗接种情况,http://www.nhc.gov.cn/jkj/s7915/202111/806a0ebc9df947b7b2ec43a45d88b8c1.shtml
2021-11-14,2021年11月14日,2389568000,新冠病毒疫苗接种情况,http://www.nhc.gov.cn/jkj/s7915/202111/15ab6018bf46407b9d12ed2510b5b8b6.shtml
2021-11-13,2021年11月13日,2382133000,新冠病毒疫苗接种情况,http://www.nhc.gov.cn/jkj/s7915/202111/98d4e656254346ba918a8c945486d461.shtml
2021-11-12,2021年11月12日,2372713000,新冠病毒疫苗接种情况,http://www.nhc.gov.cn/jkj/s7915/202111/fc017abab2af4dfbbe5b4f0bdcbf8795.shtml
2021-11-11,2021年11月11日,2364032000,新冠病毒疫苗接种情况,http://www.nhc.gov.cn/jkj/s7915/202111/01dbf4412d9b4cfa8f85004c6311b743.shtml
2021-11-10,2021年11月10日,2355525000,新冠病毒疫苗接种情况,http://www.nhc.gov.cn/jkj/s7915/202111/a250f34460a7416ba712e244550a1c62.shtml
2021-11-09,2021年11月9日,2346831000,新冠病毒疫苗接种情况,http://www.nhc.gov.cn/jkj/s7915/202111/4971cd825683438185271869183daba0.shtml
2021-11-08,2021年11月8日,2338493000,新冠病毒疫苗接种情况,http://www.nhc.gov.cn/jkj/s7915/202111/309e663a3f614b7b8c2e1e59648debf0.shtml
2021-11-07,2021年11月7日,2330726000,新冠病毒疫苗接种情况,http://www.nhc.gov.cn/jkj/s7915/202111/88ce173506994b458b969059b6a17e25.shtml
2021-11-06,2021年11月6日,2322102000,新冠病毒疫苗接种情况,http://www.nhc.gov.cn/jkj/s7915/202111/ffe30bbabb5b47efb857504da20f63f0.shtml
2021-11-05,2021年11月5日,2311626000,新冠病毒疫苗接种情况,http://www.nhc.gov.cn/jkj/s7915/202111/68d1e9754da14f7db2ef6132f707dbd2.shtml
2021-11-04,2021年11月4日,2302679000,新冠病毒疫苗接种情况,http://www.nhc.gov.cn/jkj/s7915/202111/eee0bfbdefd54ad3a9b09957d6e13a6c.shtml
2021-11-03,2021年11月3日,2293820000,新冠病毒疫苗接种情况,http://www.nhc.gov.cn/jkj/s7915/202111/ccecad98db87436a80a042c176c7b937.shtml
2021-11-02,2021年11月2日,2285954000,新冠病毒疫苗接种情况,http://www.nhc.gov.cn/jkj/s7915/202111/c30b612914234593a5389edae5953d39.shtml
2021-11-01,2021年11月1日,2279422000,新冠病毒疫苗接种情况,http://www.nhc.gov.cn/jkj/s7915/202111/5e687b673afa480da56c01be4259675a.shtml
2021-10-31,2021年10月31日,2274072000,新冠病毒疫苗接种情况,http://www.nhc.gov.cn/jkj/s7915/202111/a533ee03be4648a5858554ab04591ef6.shtml
2021-10-30,2021年10月30日,2268362000,新冠病毒疫苗接种情况,http://www.nhc.gov.cn/jkj/s7915/202110/a56e84ee264f44e99051cf1371fb9dfc.shtml
2021-10-29,2021年10月29日,2262226000,新冠病毒疫苗接种情况,http://www.nhc.gov.cn/jkj/s7915/202110/11be9548a9ef4e1ca389b719c4235cea.shtml
2021-10-28,2021年10月28日,2257584000,新冠病毒疫苗接种情况,http://www.nhc.gov.cn/jkj/s7915/202110/f4c4fe9912944c2e826b8376c27dc076.shtml
2021-10-27,2021年10月27日,2254252000,新冠病毒疫苗接种情况,http://www.nhc.gov.cn/jkj/s7915/202110/7a8fdaa2dfa34acc84663488cf892c99.shtml
2021-10-26,2021年10月26日,2251339000,新冠病毒疫苗接种情况,http://www.nhc.gov.cn/jkj/s7915/202110/86b07bea84b544acb274a7e0520c4150.shtml
2021-10-25,2021年10月25日,2248688000,新冠病毒疫苗接种情况,http://www.nhc.gov.cn/jkj/s7915/202110/476396af826b4fac956209e5082cd552.shtml
2021-10-24,2021年10月24日,2246217000,新冠病毒疫苗接种情况,http://www.nhc.gov.cn/jkj/s7915/202110/6302b23e07554c1d939e271f8dda70c4.shtml
2021-10-23,2021年10月23日,2244727000,新冠病毒疫苗接种情况,http://www.nhc.gov.cn/jkj/s7915/202110/9c9af79215d942bfb778785ebfe13064.shtml
2021-10-22,2021年10月22日,2243018000,新冠病毒疫苗接种情况,http://www.nhc.gov.cn/jkj/s7915/202110/25530d3867cd460bb4ea24c2f8f14c39.shtml
2021-10-21,2021年10月21日,2240550000,新冠病毒疫苗接种情况,http://www.nhc.gov.cn/jkj/s7915/202110/a214158950c44e8a8267f3de229aed20.shtml
2021-10-20,2021年10月20日,2238325000,新冠病毒疫苗接种情况,http://www.nhc.gov.cn/jkj/s7915/202110/febf34f3e8ec435cbf8a0070b7885c28.shtml
2021-10-19,2021年10月19日,2236226000,新冠病毒疫苗接种情况,http://www.nhc.gov.cn/jkj/s7915/202110/d43226f89b3f4977813f35bd6b9acd2b.shtml
2021-10-18,2021年10月18日,2234096000,新冠病毒疫苗接种情况,http://www.nhc.gov.cn/jkj/s7915/202110/7a19b9a6254c443f94944193a6f85139.shtml
2021-10-17,2021年10月17日,2232088000,新冠病毒疫苗接种情况,http://www.nhc.gov.cn/jkj/s7915/202110/9d6d4c32ea09463c95043228634a233a.shtml
2021-10-16,2021年10月16日,2230567000,新冠病毒疫苗接种情况,http://www.nhc.gov.cn/jkj/s7915/202110/eb10929b0e764535af4a5631ea4f8a73.shtml
2021-10-15,2021年10月15日,2229212000,新冠病毒疫苗接种情况,http://www.nhc.gov.cn/jkj/s7915/202110/9b878825392d4732b256971b36456eaa.shtml
2021-10-14,2021年10月14日,2227334000,新冠病毒疫苗接种情况,http://www.nhc.gov.cn/jkj/s7915/202110/dea770617a3340d59838db4bd79054f6.shtml
2021-10-13,2021年10月13日,2225504000,新冠病毒疫苗接种情况,http://www.nhc.gov.cn/jkj/s7915/202110/1fca4cdedd084cde8de3089fd51fa254.shtml
2021-10-12,2021年10月12日,2224081000,新冠病毒疫苗接种情况,http://www.nhc.gov.cn/jkj/s7915/202110/aa8c8f586ea84c81bd6b0fec842724e1.shtml
2021-10-11,2021年10月11日,2222666000,新冠病毒疫苗接种情况,http://www.nhc.gov.cn/jkj/s7915/202110/d93825cbfc1c49b9b3b8ef0706a5d147.shtml
2021-10-10,2021年10月10日,2221245000,新冠病毒疫苗接种情况,http://www.nhc.gov.cn/jkj/s7915/202110/b3f0ba747c43439b9b1f382559fd6343.shtml
2021-10-09,2021年10月9日,2220128000,新冠病毒疫苗接种情况,http://www.nhc.gov.cn/jkj/s7915/202110/d0d4cd74d15c4f7ab270fe33296567d9.shtml
2021-10-08,2021年10月8日,2218826000,新冠病毒疫苗接种情况,http://www.nhc.gov.cn/jkj/s7915/202110/c0f1a3623c704a209bac7ffa60ff73fb.shtml
2021-10-07,2021年10月7日,2217563000,新冠病毒疫苗接种情况,http://www.nhc.gov.cn/jkj/s7915/202110/3fc297a34a4b480885a5cc5197f8883b.shtml
2021-10-06,2021年10月6日,2216382000,新冠病毒疫苗接种情况,http://www.nhc.gov.cn/jkj/s7915/202110/b126dbedadf6447ca2aac7709a9f4a47.shtml
2021-10-05,2021年10月5日,2215428000,新冠病毒疫苗接种情况,http://www.nhc.gov.cn/jkj/s7915/202110/c19ce13b72244dadb0d884d4a36bd27f.shtml
2021-10-04,2021年10月4日,2214564000,新冠病毒疫苗接种情况,http://www.nhc.gov.cn/jkj/s7915/202110/3d6c94230b0e452488444c747218739f.shtml
2021-10-03,2021年10月3日,2213691000,新冠病毒疫苗接种情况,http://www.nhc.gov.cn/jkj/s7915/202110/cc400c2654ac4533ac11299868bb6e64.shtml
2021-10-02,2021年10月2日,2212961000,新冠病毒疫苗接种情况,http://www.nhc.gov.cn/jkj/s7915/202110/f1b6f84479604b4f80c5fab31008e817.shtml
2021-10-01,2021年10月1日,2212206000,新冠病毒疫苗接种情况,http://www.nhc.gov.cn/jkj/s7915/202110/b8d0abe4d1454482889829db14e0bd5c.shtml
2021-09-30,2021年9月30日,2211452000,新冠病毒疫苗接种情况,http://www.nhc.gov.cn/jkj/s7915/202110/74fa8f4493914a65b9b01acdaca4f925.shtml
2021-09-29,2021年9月29日,2208921000,新冠病毒疫苗接种情况,http://www.nhc.gov.cn/jkj/s7915/202109/3400c574c9f9499dbe0c41a3e33a0bec.shtml
2021-09-28,2021年9月28日,2206054000,新冠病毒疫苗接种情况,http://www.nhc.gov.cn/jkj/s7915/202109/72de5858b4914539a3f203eaeb6771a1.shtml
2021-09-27,2021年9月27日,2203185000,新冠病毒疫苗接种情况,http://www.nhc.gov.cn/jkj/s7915/202109/2341f6772efa4aa2add3da106b476b40.shtml
2021-09-26,2021年9月26日,2200202000,新冠病毒疫苗接种情况,http://www.nhc.gov.cn/jkj/s7915/202109/d668f6cf750b4a9784378da18d9985f4.shtml
2021-09-25,2021年9月25日,2197689000,新冠病毒疫苗接种情况,http://www.nhc.gov.cn/jkj/s7915/202109/d8630c2ef53347b58a1fe8639ca8cef7.shtml
2021-09-24,2021年9月24日,2194467000,新冠病毒疫苗接种情况,http://www.nhc.gov.cn/jkj/s7915/202109/cfa7777b053f4e1ba3d64022699fe7d7.shtml
2021-09-23,2021年9月23日,2190792000,新冠病毒疫苗接种情况,http://www.nhc.gov.cn/jkj/s7915/202109/ffa7ab09eada4bf784df35a060c2af05.shtml
2021-09-22,2021年9月22日,2186583000,新冠病毒疫苗接种情况,http://www.nhc.gov.cn/jkj/s7915/202109/93a6f1a21cd743d483671f100fee0f71.shtml
2021-09-21,2021年9月21日,2182604000,新冠病毒疫苗接种情况,http://www.nhc.gov.cn/jkj/s7915/202109/503b98eecf244838a21e4e4eb469554b.shtml
2021-09-20,2021年9月20日,2180986000,新冠病毒疫苗接种情况,http://www.nhc.gov.cn/jkj/s7915/202109/39c6d2db749a485a94ad6e09714da9ed.shtml
2021-09-19,2021年9月19日,2177638000,新冠病毒疫苗接种情况,http://www.nhc.gov.cn/jkj/s7915/202109/152d7277c1e6453a958d79e8fb6b9fb0.shtml
2021-09-18,2021年9月18日,2174043000,新冠病毒疫苗接种情况,http://www.nhc.gov.cn/jkj/s7915/202109/c6ea777909104f2f8b9b88f602d58f6d.shtml
2021-09-17,2021年9月17日,2170017000,新冠病毒疫苗接种情况,http://www.nhc.gov.cn/jkj/s7915/202109/8c4dcdd82704486d960ae950c66d234f.shtml
2021-09-16,2021年9月16日,2165679000,新冠病毒疫苗接种情况,http://www.nhc.gov.cn/jkj/s7915/202109/2a0090fd9a6748d189492ab91238cefc.shtml
2021-09-15,2021年9月15日,2161428000,新冠病毒疫苗接种情况,http://www.nhc.gov.cn/jkj/s7915/202109/0167700eff50411d8ba1d04f79023ce1.shtml
2021-09-14,2021年9月14日,2156938000,新冠病毒疫苗接种情况,http://www.nhc.gov.cn/jkj/s7915/202109/db13ecdcd1e74b66972d86c270491039.shtml
2021-09-13,2021年9月13日,2152520000,新冠病毒疫苗接种情况,http://www.nhc.gov.cn/jkj/s7915/202109/47aad44bd9b54b59a33d29f7f7c2ca9e.shtml
2021-09-12,2021年9月12日,2148120000,新冠病毒疫苗接种情况,http://www.nhc.gov.cn/jkj/s7915/202109/eb87e72f753b4ba3a45004330c1b6a97.shtml
2021-09-11,2021年9月11日,2142580000,新冠病毒疫苗接种情况,http://www.nhc.gov.cn/jkj/s7915/202109/ed4ffd35fcb6490381cfb357f68f35a2.shtml
2021-09-10,2021年9月10日,2135240000,新冠病毒疫苗接种情况,http://www.nhc.gov.cn/jkj/s7915/202109/7d80233c5449497b9f5cb6e95390478a.shtml
2021-09-09,2021年9月9日,2129833000,新冠病毒疫苗接种情况,http://www.nhc.gov.cn/jkj/s7915/202109/3d3b819d5f574099bb42faf327ae35c3.shtml
2021-09-08,2021年9月8日,2124582000,新冠病毒疫苗接种情况,http://www.nhc.gov.cn/jkj/s7915/202109/99ddec2270f4490d8ae2f7025ac6c796.shtml
2021-09-07,2021年9月7日,2119025000,新冠病毒疫苗接种情况,http://www.nhc.gov.cn/jkj/s7915/202109/b298913d782f4370b9ffd8ea22126a45.shtml
2021-09-06,2021年9月6日,2113083000,新冠病毒疫苗接种情况,http://www.nhc.gov.cn/jkj/s7915/202109/9160bc3c64744f278de3b47356fa4d8e.shtml
2021-09-05,2021年9月5日,2107445000,新冠病毒疫苗接种情况,http://www.nhc.gov.cn/jkj/s7915/202109/3dfd6315f9234a9da1622d2cd68df98f.shtml
2021-09-04,2021年9月4日,2100387000,新冠病毒疫苗接种情况,http://www.nhc.gov.cn/jkj/s7915/202109/374bf3ef36b247839601f1c191c8644b.shtml
2021-09-03,2021年9月3日,2092174000,新冠病毒疫苗接种情况,http://www.nhc.gov.cn/jkj/s7915/202109/3b6d005cb9994f1eb67cb0c5467e39b9.shtml
2021-09-02,2021年9月2日,2084650000,新冠病毒疫苗接种情况,http://www.nhc.gov.cn/jkj/s7915/202109/98620aac1d6b4738887c0d7b00744578.shtml
2021-09-01,2021年9月1日,2076428000,新冠病毒疫苗接种情况,http://www.nhc.gov.cn/jkj/s7915/202109/8cd99c22fea74ebbafbe22f48ff55601.shtml
2021-08-31,2021年8月31日,2067589000,新冠病毒疫苗接种情况,http://www.nhc.gov.cn/jkj/s7915/202109/532ea949181e44988d3765a775bb170b.shtml
2021-08-30,2021年8月30日,2055966000,新冠病毒疫苗接种情况,http://www.nhc.gov.cn/jkj/s7915/202108/184ada26390546bc90cdabebe25fe5de.shtml
2021-08-29,2021年8月29日,2044625000,新冠病毒疫苗接种情况,http://www.nhc.gov.cn/jkj/s7915/202108/431cbd3a4fc34fe3af25801abd674870.shtml
2021-08-28,2021年8月28日,2032934000,新冠病毒疫苗接种情况,http://www.nhc.gov.cn/jkj/s7915/202108/2d51303d095e49118cdbd958594ce2b2.shtml
2021-08-27,2021年8月27日,2019549000,新冠病毒疫苗接种情况,http://www.nhc.gov.cn/jkj/s7915/202108/fc4d2595279f4158960e5e988c85a4c2.shtml
2021-08-26,2021年8月26日,2003914000,新冠病毒疫苗接种情况,http://www.nhc.gov.cn/jkj/s7915/202108/d4b293af07a54c80b4656eb672e7df88.shtml
2021-08-25,2021年8月25日,1988433000,新冠病毒疫苗接种情况,http://www.nhc.gov.cn/jkj/s7915/202108/dd50de9b920b43268d5f61d8d90e79d9.shtml
2021-08-24,2021年8月24日,1975738000,新冠病毒疫苗接种情况,http://www.nhc.gov.cn/jkj/s7915/202108/be52c13a94d94568bd87db40f9c4222e.shtml
2021-08-23,2021年8月23日,1961893000,新冠病毒疫苗接种情况,http://www.nhc.gov.cn/jkj/s7915/202108/7da864e2bc3541b8b9562646ff797ccd.shtml
2021-08-22,2021年8月22日,1946954000,新冠病毒疫苗接种情况,http://www.nhc.gov.cn/jkj/s7915/202108/70501814de9345ad9e9ae4083d1e2f3e.shtml
2021-08-21,2021年8月21日,1935869000,新冠病毒疫苗接种情况,http://www.nhc.gov.cn/jkj/s7915/202108/d2b1143179fb48d883be03a8b1b97398.shtml
2021-08-20,2021年8月20日,1924390000,新冠病毒疫苗接种情况,http://www.nhc.gov.cn/jkj/s7915/202108/3960a74ad4804dfd8d95e8cfead0b73e.shtml
2021-08-19,2021年8月19日,1912419000,新冠病毒疫苗接种情况,http://www.nhc.gov.cn/jkj/s7915/202108/afb009eb54eb4fff86c9d9595ecb74f3.shtml
2021-08-18,2021年8月18日,1900127000,新冠病毒疫苗接种情况,http://www.nhc.gov.cn/jkj/s7915/202108/838eac7e251d4513aa985f158add89d3.shtml
2021-08-17,2021年8月17日,1887273000,新冠病毒疫苗接种情况,http://www.nhc.gov.cn/jkj/s7915/202108/9123f8d095304c48b4843dc80185ea9d.shtml
2021-08-16,2021年8月16日,1875371000,新冠病毒疫苗接种情况,http://www.nhc.gov.cn/jkj/s7915/202108/0103c2752a84466db735fe6cbfdcc26c.shtml
2021-08-15,2021年8月15日,1862928000,新冠病毒疫苗接种情况,http://www.nhc.gov.cn/jkj/s7915/202108/57c084ce991c49b0a3a685528543891f.shtml
2021-08-14,2021年8月14日,1853839000,新冠病毒疫苗接种情况,http://www.nhc.gov.cn/jkj/s7915/202108/05856d8cfabf48d4949b4379b076d308.shtml
2021-08-13,2021年8月13日,1844382000,新冠病毒疫苗接种情况,http://www.nhc.gov.cn/jkj/s7915/202108/f18691e9a2c9474485557d80f4dad093.shtml
2021-08-12,2021年8月12日,1832450000,新冠病毒疫苗接种情况,http://www.nhc.gov.cn/jkj/s7915/202108/a5692e89b5ee43e0bbb1c6088840d884.shtml
2021-08-11,2021年8月11日,1820238000,新冠病毒疫苗接种情况,http://www.nhc.gov.cn/jkj/s7915/202108/9ec02a8bf9954af2a8ca452e18a1136c.shtml
2021-08-10,2021年8月10日,1808092000,新冠病毒疫苗接种情况,http://www.nhc.gov.cn/jkj/s7915/202108/5f13b4539acc4276bbb9cfd9dfa5bec8.shtml
2021-08-09,2021年8月9日,1795049000,新冠病毒疫苗接种情况,http://www.nhc.gov.cn/jkj/s7915/202108/86bf5cbbf91e490bbb484244a190092a.shtml
2021-08-08,2021年8月8日,1782525000,新冠病毒疫苗接种情况,http://www.nhc.gov.cn/jkj/s7915/202108/58fdf39d51a745e3a8a0a4eb98d96984.shtml
2021-08-07,2021年8月7日,1770304000,新冠病毒疫苗接种情况,http://www.nhc.gov.cn/jkj/s7915/202108/e2e021c2b8d04516a08477ae34499262.shtml
2021-08-06,2021年8月6日,1757780000,新冠病毒疫苗接种情况,http://www.nhc.gov.cn/jkj/s7915/202108/7191e83058b24d79b7104c3b716e94aa.shtml
2021-08-05,2021年8月5日,1741812000,新冠病毒疫苗接种情况,http://www.nhc.gov.cn/jkj/s7915/202108/60c5f536c898462b83264bb719699e16.shtml
2021-08-04,2021年8月4日,1726223000,新冠病毒疫苗接种情况,http://www.nhc.gov.cn/jkj/s7915/202108/39679e47dbb849e386f64247fd241082.shtml
2021-08-03,2021年8月3日,1708356000,新冠病毒疫苗接种情况,http://www.nhc.gov.cn/jkj/s7915/202108/8b14279dd96d4bb2a84000b4969c08e3.shtml
2021-08-02,2021年8月2日,1688683000,新冠病毒疫苗接种情况,http://www.nhc.gov.cn/jkj/s7915/202108/9044b294e03a417b9be06665a6bc4478.shtml
2021-08-01,2021年8月1日,1669527000,新冠病毒疫苗接种情况,http://www.nhc.gov.cn/jkj/s7915/202108/e20e290678ea4c7dadd8d80a3a303a1a.shtml
2021-07-31,2021年7月31日,1652819000,新冠病毒疫苗接种情况,http://www.nhc.gov.cn/jkj/s7915/202108/cb8b1aa884eb4da1bdcc31a4e90a5337.shtml
2021-07-30,2021年7月30日,1637395000,新冠病毒疫苗接种情况,http://www.nhc.gov.cn/jkj/s7915/202107/b979481d6c364473a3f5863853fb7ad1.shtml
2021-07-29,2021年7月29日,1619218000,新冠病毒疫苗接种情况,http://www.nhc.gov.cn/jkj/s7915/202107/a254a488ffcd479e83ca8883b592d098.shtml
2021-07-28,2021年7月28日,1601249000,新冠病毒疫苗接种情况,http://www.nhc.gov.cn/jkj/s7915/202107/247c2795b5c14a909bd12bdc634803e1.shtml
2021-07-27,2021年7月27日,1583361000,新冠病毒疫苗接种情况,http://www.nhc.gov.cn/xcs/yqjzqk/202107/172756a4036f4f0ab7ab734bfdb39ca0.shtml
2021-07-26,2021年7月26日,1565872000,新冠病毒疫苗接种情况,http://www.nhc.gov.cn/xcs/yqjzqk/202107/d9fb9651e6214f648a412d9b892c684d.shtml
2021-07-25,2021年7月25日,1550268000,新冠病毒疫苗接种情况,http://www.nhc.gov.cn/xcs/yqjzqk/202107/8348635aeddd4ac58dcef6276fdbcda8.shtml
2021-07-24,2021年7月24日,1538707000,新冠病毒疫苗接种情况,http://www.nhc.gov.cn/xcs/yqjzqk/202107/6ea19a1d67de4c798d52a4193c06e738.shtml
2021-07-23,2021年7月23日,1524897000,新冠病毒疫苗接种情况,http://www.nhc.gov.cn/xcs/yqjzqk/202107/1460008ea51d456391ff3405fab20c85.shtml
2021-07-22,2021年7月22日,1507605000,新冠病毒疫苗接种情况,http://www.nhc.gov.cn/xcs/yqjzqk/202107/1c8671825659484d9110efb9e7573230.shtml
2021-07-21,2021年7月21日,1491605000,新冠病毒疫苗接种情况,http://www.nhc.gov.cn/xcs/yqjzqk/202107/3df346b9c3b64006963c8093d47ad725.shtml
2021-07-20,2021年7月20日,1478484000,新冠病毒疫苗接种情况,http://www.nhc.gov.cn/xcs/yqjzqk/202107/abc2bd8dfead4f8ca9b1a36f11fe24c1.shtml
2021-07-19,2021年7月19日,1467316000,新冠病毒疫苗接种情况,http://www.nhc.gov.cn/xcs/yqjzqk/202107/85e198dec50c4400b2dff160b97d9908.shtml
2021-07-18,2021年7月18日,1456557000,新冠病毒疫苗接种情况,http://www.nhc.gov.cn/xcs/yqjzqk/202107/a1923a0b996448258aa7d26ca41797cc.shtml
2021-07-17,2021年7月17日,1447427000,新冠病毒疫苗接种情况,http://www.nhc.gov.cn/xcs/yqjzqk/202107/ab60eb82c9524b01910e6061fb4216ab.shtml
2021-07-16,2021年7月16日,1437623000,新冠病毒疫苗接种情况,http://www.nhc.gov.cn/xcs/yqjzqk/202107/b17bb27474e54f1d980fec46a3fe16a8.shtml
2021-07-15,2021年7月15日,1426347000,新冠病毒疫苗接种情况,http://www.nhc.gov.cn/xcs/yqjzqk/202107/6fb6e12e27e04dd1815c5742fc5b8dfb.shtml
2021-07-14,2021年7月14日,1414609000,新冠病毒疫苗接种情况,http://www.nhc.gov.cn/xcs/yqjzqk/202107/3e5a9b6d536c48bf8d57ca9a7bf08817.shtml
2021-07-13,2021年7月13日,1402019000,新冠病毒疫苗接种情况,http://www.nhc.gov.cn/xcs/yqjzqk/202107/ee186c5952bf4066a845954b8ec7d561.shtml
2021-07-12,2021年7月12日,1391432000,新冠病毒疫苗接种情况,http://www.nhc.gov.cn/xcs/yqjzqk/202107/f132e3b541824f8abf51ba504f0ce50b.shtml
2021-07-11,2021年7月11日,1382482000,新冠病毒疫苗接种情况,http://www.nhc.gov.cn/xcs/yqjzqk/202107/350e483540b54bda948c8816e64d3ecf.shtml
2021-07-10,2021年7月10日,1374162000,新冠病毒疫苗接种情况,http://www.nhc.gov.cn/xcs/yqjzqk/202107/1efc0522cf6840d588347b7d529fb988.shtml
2021-07-09,2021年7月9日,1365463000,新冠病毒疫苗接种情况,http://www.nhc.gov.cn/xcs/yqjzqk/202107/4e61b9db4be649b5b8eef7ec6396d6b3.shtml
2021-07-08,2021年7月8日,1354226000,新冠病毒疫苗接种情况,http://www.nhc.gov.cn/xcs/yqjzqk/202107/b2e4240b4da342d2878824f430863fcc.shtml
2021-07-07,2021年7月7日,1342381000,新冠病毒疫苗接种情况,http://www.nhc.gov.cn/xcs/yqjzqk/202107/131087b17fe44568b05c189a7512259c.shtml
2021-07-06,2021年7月6日,1331669000,新冠病毒疫苗接种情况,http://www.nhc.gov.cn/xcs/yqjzqk/202107/5617c924149f405baf37bec1020f76e5.shtml
2021-07-05,2021年7月5日,1318417000,新冠病毒疫苗接种情况,http://www.nhc.gov.cn/xcs/yqjzqk/202107/7556cf8d3bf4443b8343e93f038ffbd4.shtml
2021-07-04,2021年7月4日,1305499000,新冠病毒疫苗接种情况,http://www.nhc.gov.cn/xcs/yqjzqk/202107/28eeeae09f26401383185cfef72a8368.shtml
2021-07-03,2021年7月3日,1296037000,新冠病毒疫苗接种情况,http://www.nhc.gov.cn/xcs/yqjzqk/202107/eca9a2401360415b84fbd3b62e362ec1.shtml
2021-07-02,2021年7月2日,1283175000,新冠病毒疫苗接种情况,http://www.nhc.gov.cn/xcs/yqjzqk/202107/a20dc2587b664ca4ab26bd6800a3de89.shtml
2021-07-01,2021年7月1日,1264149000,新冠病毒疫苗接种情况,http://www.nhc.gov.cn/xcs/yqjzqk/202107/e65157ce424f48c0b6f9f05c9855b526.shtml
2021-06-30,2021年6月30日,1244675000,新冠病毒疫苗接种情况,http://www.nhc.gov.cn/xcs/yqjzqk/202107/2a4b54053a4c416ca8cb62a9f7f9edb7.shtml
2021-06-29,2021年6月29日,1225734000,新冠病毒疫苗接种情况,http://www.nhc.gov.cn/xcs/yqjzqk/202106/67dc906521854d33966e55e222a60941.shtml
2021-06-28,2021年6月28日,1206714000,新冠病毒疫苗接种情况,http://www.nhc.gov.cn/xcs/yqjzqk/202106/74ed0aa148744960988030bf6a3186da.shtml
2021-06-27,2021年6月27日,1185787000,新冠病毒疫苗接种情况,http://www.nhc.gov.cn/xcs/yqjzqk/202106/6e26629586ef4da184f1e0a8b32761ae.shtml
2021-06-26,2021年6月26日,1165230000,新冠病毒疫苗接种情况,http://www.nhc.gov.cn/xcs/yqjzqk/202106/90421eab3d8841acad840ef1e48f0d37.shtml
2021-06-25,2021年6月25日,1143805000,新冠病毒疫苗接种情况,http://www.nhc.gov.cn/xcs/yqjzqk/202106/d9e2a34c3ed94a42ad37aecdb359f1ae.shtml
2021-06-24,2021年6月24日,1120643000,新冠病毒疫苗接种情况,http://www.nhc.gov.cn/xcs/yqjzqk/202106/88f52193e017454797849d2df572201f.shtml
2021-06-23,2021年6月23日,1095902000,新冠病毒疫苗接种情况,http://www.nhc.gov.cn/xcs/yqjzqk/202106/d38cff6ee53248ae93ae4f1b808357d6.shtml
2021-06-22,2021年6月22日,1071783000,新冠病毒疫苗接种情况,http://www.nhc.gov.cn/xcs/yqjzqk/202106/94c91da29b1a41fca00ab6bf4b4f32cd.shtml
2021-06-21,2021年6月21日,1049744000,新冠病毒疫苗接种情况,http://www.nhc.gov.cn/xcs/yqjzqk/202106/beff1109ca1f42aca1adaca564eaac14.shtml
2021-06-20,2021年6月20日,1029223000,新冠病毒疫苗接种情况,http://www.nhc.gov.cn/xcs/yqjzqk/202106/ddd7b535796040ed8b86f9e34fd218bb.shtml
2021-06-19,2021年6月19日,1010489000,新冠病毒疫苗接种情况,http://www.nhc.gov.cn/xcs/yqjzqk/202106/a170c7ae7fda4809af3961dc6d79c2ff.shtml
2021-06-18,2021年6月18日,990257000,新冠病毒疫苗接种情况,http://www.nhc.gov.cn/xcs/yqjzqk/202106/9a10c06abebc496fa7d6124c527b2fae.shtml
2021-06-17,2021年6月17日,966652000,新冠病毒疫苗接种情况,http://www.nhc.gov.cn/xcs/yqjzqk/202106/5f0a37302be54ec08cc10d37275f2f89.shtml
2021-06-16,2021年6月16日,945150000,新冠病毒疫苗接种情况,http://www.nhc.gov.cn/xcs/yqjzqk/202106/33a723c6caf74dd99c2efa2f8156f72a.shtml
2021-06-15,2021年6月15日,923910000,新冠病毒疫苗接种情况,http://www.nhc.gov.cn/xcs/yqjzqk/202106/55adb725f1b54665815be7e73e3c83db.shtml
2021-06-14,2021年6月14日,904134000,新冠病毒疫苗接种情况,http://www.nhc.gov.cn/xcs/yqjzqk/202106/961215a2f9974b5988855d9fb55d89e0.shtml
2021-06-13,2021年6月13日,892770000,新冠病毒疫苗接种情况,http://www.nhc.gov.cn/xcs/yqjzqk/202106/12fa90b8940a454a9ef277fdac7a39d4.shtml
2021-06-12,2021年6月12日,878523000,新冠病毒疫苗接种情况,http://www.nhc.gov.cn/xcs/yqjzqk/202106/0c0ef78796004b6d8710074d95c41c96.shtml
2021-06-11,2021年6月11日,863513000,新冠病毒疫苗接种情况,http://www.nhc.gov.cn/xcs/yqjzqk/202106/361693e0f94b4aee91f87534a6a55c72.shtml
2021-06-10,2021年6月10日,845299000,新冠病毒疫苗接种情况,http://www.nhc.gov.cn/xcs/yqjzqk/202106/75fd453f86334d1fba4435f6a67c19d0.shtml
2021-06-09,2021年6月9日,824856000,新冠病毒疫苗接种情况,http://www.nhc.gov.cn/xcs/yqjzqk/202106/99e9c0d61a244a49b74873c10da173df.shtml
2021-06-08,2021年6月8日,808962000,新冠病毒疫苗接种情况,http://www.nhc.gov.cn/xcs/yqjzqk/202106/6a50b63968e84d24aebac02e75626b95.shtml
2021-06-07,2021年6月7日,794134000,新冠病毒疫苗接种情况,http://www.nhc.gov.cn/xcs/yqjzqk/202106/f97274715d7c4f969c30909f83e4c8f4.shtml
2021-06-06,2021年6月6日,777879000,新冠病毒疫苗接种情况,http://www.nhc.gov.cn/xcs/yqjzqk/202106/09dace9cad2a4907be424b0887d1a873.shtml
2021-06-05,2021年6月5日,763065000,新冠病毒疫苗接种情况,http://www.nhc.gov.cn/xcs/yqjzqk/202106/193847fa4d304c038fe42e45142c2289.shtml
2021-06-04,2021年6月4日,744483000,新冠病毒疫苗接种情况,http://www.nhc.gov.cn/xcs/yqjzqk/202106/37acb04cceb04e4aaae6893a9bad3916.shtml
2021-06-03,2021年6月3日,723486000,新冠病毒疫苗接种情况,http://www.nhc.gov.cn/xcs/yqjzqk/202106/bd36bf049b4541cba84d5984c76b527e.shtml
2021-06-02,2021年6月2日,704826000,新冠病毒疫苗接种情况,http://www.nhc.gov.cn/xcs/yqjzqk/202106/3ff617f188134b1c80a4920b7b25a609.shtml
2021-06-01,2021年6月1日,681908000,新冠病毒疫苗接种情况,http://www.nhc.gov.cn/xcs/yqjzqk/202106/9db49006ea4d4ab78e5a59a318cfea4f.shtml
2021-05-31,2021年5月31日,661468000,新冠病毒疫苗接种情况,http://www.nhc.gov.cn/xcs/yqjzqk/202106/6c7027253d164dd0af5f35e6cfe5876e.shtml
2021-05-30,2021年5月30日,639172000,新冠病毒疫苗接种情况,http://www.nhc.gov.cn/xcs/yqjzqk/202105/d0846315c0eb47398c688460e74a88ee.shtml
2021-05-29,2021年5月29日,620974000,新冠病毒疫苗接种情况,http://www.nhc.gov.cn/xcs/yqjzqk/202105/8902b7eefe21410f80809b69877de220.shtml
2021-05-28,2021年5月28日,602991000,新冠病毒疫苗接种情况,http://www.nhc.gov.cn/xcs/yqjzqk/202105/41095a9c33f84918bd7c2178b0197d3e.shtml
2021-05-27,2021年5月27日,584360000,新冠病毒疫苗接种情况,http://www.nhc.gov.cn/xcs/yqjzqk/202105/c24473c47d174853883263be6224aa08.shtml
2021-05-26,2021年5月26日,566723000,新冠病毒疫苗接种情况,http://www.nhc.gov.cn/xcs/yqjzqk/202105/36daebf9b3e64743ad0101eb5de99a0e.shtml
2021-05-25,2021年5月25日,546714000,新冠病毒疫苗接种情况,http://www.nhc.gov.cn/xcs/yqjzqk/202105/993e4d140563489581ae4c6f46589cd3.shtml
2021-05-24,2021年5月24日,527253000,新冠病毒疫苗接种情况,http://www.nhc.gov.cn/xcs/yqjzqk/202105/3e082b13ab6442c2a9f3c39a9022498a.shtml
2021-05-23,2021年5月23日,510858000,新冠病毒疫苗接种情况,http://www.nhc.gov.cn/xcs/yqjzqk/202105/afbb6bb24f864a7ba1db6614198ed694.shtml
2021-05-22,2021年5月22日,497272000,新冠病毒疫苗接种情况,http://www.nhc.gov.cn/xcs/yqjzqk/202105/7221884f11274319884d8b117459c980.shtml
2021-05-21,2021年5月21日,483343000,新冠病毒疫苗接种情况,http://www.nhc.gov.cn/xcs/yqjzqk/202105/5077e137a981420191949ae0a78b7e07.shtml
2021-05-20,2021年5月20日,466698000,新冠病毒疫苗接种情况,http://www.nhc.gov.cn/xcs/yqjzqk/202105/61ca087702164c328e87f2ed3516a77f.shtml
2021-05-19,2021年5月19日,449511000,新冠病毒疫苗接种情况,http://www.nhc.gov.cn/xcs/yqjzqk/202105/4336f905c94d4e63bbb4e55302214a98.shtml
2021-05-18,2021年5月18日,435689000,新冠病毒疫苗接种情况,http://www.nhc.gov.cn/xcs/yqjzqk/202105/beda31b9f97b4c3cae8afba056330f98.shtml
2021-05-17,2021年5月17日,421991000,新冠病毒疫苗接种情况,http://www.nhc.gov.cn/xcs/yqjzqk/202105/d6d3f0285aac443492eacb54229e7fbb.shtml
2021-05-16,2021年5月16日,406938000,新冠病毒疫苗接种情况,http://www.nhc.gov.cn/xcs/yqjzqk/202105/2636a2e16c6c4fc89e2358bd3898b9ce.shtml
2021-05-15,2021年5月15日,392987000,新冠病毒疫苗接种情况,http://www.nhc.gov.cn/xcs/yqjzqk/202105/0f6e49055a0d404ca88e4d7bea980065.shtml
2021-05-14,2021年5月14日,380633000,新冠病毒疫苗接种情况,http://www.nhc.gov.cn/xcs/yqjzqk/202105/09de8b7859bc4403bde228a737cfa121.shtml
2021-05-13,2021年5月13日,366910000,新冠病毒疫苗接种情况,http://www.nhc.gov.cn/xcs/yqjzqk/202105/3d1e04af70e54341a44242c6dc607115.shtml
2021-05-12,2021年5月12日,354272000,新冠病毒疫苗接种情况,http://www.nhc.gov.cn/xcs/yqjzqk/202105/b7bc06a552664328970365fb3a735501.shtml
2021-05-11,2021年5月11日,342697000,新冠病毒疫苗接种情况,http://www.nhc.gov.cn/xcs/yqjzqk/202105/0aee1b23440e42c49df395f5f2900636.shtml
2021-05-10,2021年5月10日,332964000,新冠病毒疫苗接种情况,http://www.nhc.gov.cn/xcs/yqjzqk/202105/1d39b2d2ff1a447894d71e7e5b67d847.shtml
2021-05-09,2021年5月9日,324307000,新冠病毒疫苗接种情况,http://www.nhc.gov.cn/xcs/yqjzqk/202105/cd31bab9052a447eae2d1388a9cf601d.shtml
2021-05-08,2021年5月8日,317586000,新冠病毒疫苗接种情况,http://www.nhc.gov.cn/xcs/yqjzqk/202105/dc8199af5c2a49d5a7475f7004ff4901.shtml
2021-05-07,2021年5月7日,308226000,新冠病毒疫苗接种情况,http://www.nhc.gov.cn/xcs/yqjzqk/202105/a5babdbadf2e48348f1d5e053159d891.shtml
2021-05-06,2021年5月6日,297734000,新冠病毒疫苗接种情况,http://www.nhc.gov.cn/xcs/yqjzqk/202105/e129e5425ffb4686b053ddbd550e9305.shtml
2021-05-05,2021年5月5日,289627000,新冠病毒疫苗接种情况,http://www.nhc.gov.cn/xcs/yqjzqk/202105/c953cb843e384c21941d489f6ac66f7f.shtml
2021-05-04,2021年5月4日,284595000,新冠病毒疫苗接种情况,http://www.nhc.gov.cn/xcs/yqjzqk/202105/1531d77b498d46eb8853297e8d9c7c84.shtml
2021-05-03,2021年5月3日,279905000,新冠病毒疫苗接种情况,http://www.nhc.gov.cn/xcs/yqjzqk/202105/e9af9abc284a41cbb52ea0089c5e8012.shtml
2021-05-02,2021年5月2日,275338000,新冠病毒疫苗接种情况,http://www.nhc.gov.cn/xcs/yqjzqk/202105/a7bed5e941be4e679c83bcb4ee5b603b.shtml
2021-05-01,2021年5月1日,270406000,新冠病毒疫苗接种情况,http://www.nhc.gov.cn/xcs/yqjzqk/202105/2e1664555701455ba9d3b84189f95776.shtml
2021-04-30,2021年4月30日,265064000,新冠病毒疫苗接种情况,http://www.nhc.gov.cn/xcs/yqjzqk/202105/24b44c42bc9140b8a8f47769678e113d.shtml
2021-04-29,2021年4月29日,253463000,新冠病毒疫苗接种情况,http://www.nhc.gov.cn/xcs/yqjzqk/202104/347a9fa13b3e4a428cae5d54d058fd4e.shtml
2021-04-28,2021年4月28日,243905000,新冠病毒疫苗接种情况,http://www.nhc.gov.cn/xcs/yqjzqk/202104/693f417183cb44bd8a774b2f1419c399.shtml
2021-04-27,2021年4月27日,235976000,新冠病毒疫苗接种情况,http://www.nhc.gov.cn/xcs/yqjzqk/202104/6fa3e91fe96f424ab144c1f33fcafab9.shtml
2021-04-26,2021年4月26日,229489000,新冠病毒疫苗接种情况,http://www.nhc.gov.cn/xcs/yqjzqk/202104/6342f4bb39114716bcd1cb5c452cb704.shtml
2021-04-25,2021年4月25日,224901000,新冠病毒疫苗接种情况,http://www.nhc.gov.cn/xcs/yqjzqk/202104/1e17e9266d1e4fa883ef2e480b37b40d.shtml
2021-04-24,2021年4月24日,220309000,新冠病毒疫苗接种情况,http://www.nhc.gov.cn/xcs/yqjzqk/202104/571c23a11513435db0246103873d1639.shtml
2021-04-23,2021年4月23日,216084000,新冠病毒疫苗接种情况,http://www.nhc.gov.cn/xcs/yqjzqk/202104/6a06d971a4e34c69b48f47dfeff9cb11.shtml
2021-04-22,2021年4月22日,211223000,新冠病毒疫苗接种情况,http://www.nhc.gov.cn/xcs/yqjzqk/202104/fd626cb91aec4991b39e7197cdaa8885.shtml
2021-04-21,2021年4月21日,204191000,新冠病毒疫苗接种情况,http://www.nhc.gov.cn/xcs/yqjzqk/202104/7596959f303944f0965a75f7f9ef5539.shtml
2021-04-20,2021年4月20日,198965000,新冠病毒疫苗接种情况,http://www.nhc.gov.cn/xcs/yqjzqk/202104/4f3b401243cb4c57a940b6b9902f2bd9.shtml
2021-04-19,2021年4月19日,195022000,新冠病毒疫苗接种情况,http://www.nhc.gov.cn/xcs/yqjzqk/202104/aa7229fe6d6d439aa60c884692cbc202.shtml
2021-04-18,2021年4月18日,192127000,新冠病毒疫苗接种情况,http://www.nhc.gov.cn/xcs/yqjzqk/202104/6f2444d14dce4ccda1a53554feaa153a.shtml
2021-04-17,2021年4月17日,189809000,新冠病毒疫苗接种情况,http://www.nhc.gov.cn/xcs/yqjzqk/202104/f024fd41574a4132bd5b007c12b71a17.shtml
2021-04-16,2021年4月16日,187368000,新冠病毒疫苗接种情况,http://www.nhc.gov.cn/xcs/yqjzqk/202104/d2755da833374735ab125abcc2699849.shtml
2021-04-15,2021年4月15日,183536000,新冠病毒疫苗接种情况,http://www.nhc.gov.cn/xcs/yqjzqk/202104/080e685e7a0b47bcb7bfef7e02499a45.shtml
2021-04-14,2021年4月14日,179216000,新冠病毒疫苗接种情况,http://www.nhc.gov.cn/xcs/yqjzqk/202104/fdc6ca0da1f240298a6274d0b6a539fe.shtml
2021-04-13,2021年4月13日,175623000,新冠病毒疫苗接种情况,http://www.nhc.gov.cn/xcs/yqjzqk/202104/0f1e58f027664c078e46665cb6b869e3.shtml
2021-04-12,2021年4月12日,171928000,新冠病毒疫苗接种情况,http://www.nhc.gov.cn/xcs/yqjzqk/202104/f0de4b2c6a1f4f16b8ed58901946931a.shtml
2021-04-11,2021年4月11日,167343000,新冠病毒疫苗接种情况,http://www.nhc.gov.cn/xcs/yqjzqk/202104/a61f34d7ac7e4692b13b0c8c0663b5f1.shtml
2021-04-10,2021年4月10日,164471000,新冠病毒疫苗接种情况,http://www.nhc.gov.cn/xcs/yqjzqk/202104/f2bd77de994d4a798645a2316584f870.shtml
2021-04-09,2021年4月9日,161121000,新冠病毒疫苗接种情况,http://www.nhc.gov.cn/xcs/yqjzqk/202104/1a24ec3c6c884cf1ae9d08e026f2b2ec.shtml
2021-04-08,2021年4月8日,155150000,新冠病毒疫苗接种情况,http://www.nhc.gov.cn/xcs/yqjzqk/202104/70adf40602524305b66824bece1f298c.shtml
2021-04-07,2021年4月7日,149071000,新冠病毒疫苗接种情况,http://www.nhc.gov.cn/xcs/yqjzqk/202104/4bf0af6598ca4a88872a8fae80544407.shtml
2021-04-06,2021年4月6日,145392000,新冠病毒疫苗接种情况,http://www.nhc.gov.cn/xcs/yqjzqk/202104/f46fb541aabb4b4c8a79317dd542baa6.shtml
2021-04-05,2021年4月5日,142802000,全国新冠病毒疫苗接种情况,http://www.nhc.gov.cn/xcs/yqjzqk/202104/1014615f73854e9c9cf75a10284ea2d9.shtml
2021-04-04,2021年4月4日,139970000,全国新冠病毒疫苗接种情况,http://www.nhc.gov.cn/xcs/yqjzqk/202104/a2c7143c27bc4e2e9ba0645d582094cd.shtml
2021-04-03,2021年4月3日,136677000,全国新冠病毒疫苗接种情况,http://www.nhc.gov.cn/xcs/yqjzqk/202104/1a71d84d4f314f6588915fe28c909dbf.shtml
2021-04-02,2021年4月2日,133801000,全国新冠病毒疫苗接种情况,http://www.nhc.gov.cn/xcs/yqjzqk/202104/2d30c4012929439c9e7cfff8415da13d.shtml
2021-04-01,2021年4月1日,126616000,全国新冠病毒疫苗接种情况,http://www.nhc.gov.cn/xcs/yqjzqk/202104/baebb6c1e09344a3a5463247860b4f84.shtml
2021-03-31,2021年3月31日,119821000,全国新冠病毒疫苗接种情况,http://www.nhc.gov.cn/xcs/yqjzqk/202104/fdefb57de14e4837bff46353b872f17b.shtml
2021-03-30,2021年3月30日,114690000,全国新冠病毒疫苗接种情况,http://www.nhc.gov.cn/xcs/yqjzqk/202103/3cf9e74a0c2546f7b13f5c206f738fd9.shtml
2021-03-29,2021年3月29日,110962000,全国新冠病毒疫苗接种情况,http://www.nhc.gov.cn/xcs/yqjzqk/202103/7289a596c0994109841cb77e2c748a6f.shtml
2021-03-28,2021年3月28日,106613000,全国新冠病毒疫苗接种情况,http://www.nhc.gov.cn/xcs/yqjzqk/202103/06db88dae17445fb82a6ba832efe9cf7.shtml
2021-03-27,2021年3月27日,102417000,全国新冠病毒疫苗接种情况,http://www.nhc.gov.cn/xcs/yqjzqk/202103/575af2e2a7794f0b9e761e2c0390b69b.shtml
2021-03-26,2021年3月26日,97470000,全国新冠病毒疫苗接种情况,http://www.nhc.gov.cn/xcs/yqjzqk/202103/0e5bf66b833a45de8db07e706775ae8e.shtml
2021-03-25,2021年3月25日,91346000,全国新冠病毒疫苗接种情况,http://www.nhc.gov.cn/jkj/s7915/202103/0d1b93ae500c418db1955fb6b4ffee70.shtml
2021-03-25,2021年3月24日,85989700,全国新冠病毒疫苗接种情况,http://www.nhc.gov.cn/jkj/s7915/202103/1d85a9ad629a4abcb4165803eb546b7a.shtml
